id,price,users,start,months,rate,name
5933,11000,349,2014/08/04,144.8,2.41,HT_Endurance_Line
5939,19800,174,2014/08/28,144.0,1.21,インジケーターつくーる
5941,39800,146,2014/09/01,143.9,1.01,EAつくーる＆インジケーターつくーるセット販売
6599,10000,112,2014/11/22,141.2,0.79,HT_Turning_Point
7311,18000,127,2015/04/03,136.8,0.93,HT_Sec_Chart
7561,1980,1034,2015/05/21,135.2,7.65,インジケーターつくーる【1ヶ月版】
8774,6900,142,2016/01/08,127.6,1.11,【自分のトレンドラインで】LINE TRADER【自動売買】
11836,49800,444,2017/06/04,110.8,4.01,【RCIを極めて勝つ！！】RCIとの組み合わせで威力を発揮するインジケーター【BODSOR・mBDSR】と手法・ケーススタディ（PDF） ★
15116,4900,1091,2018/09/15,95.4,11.44,【EATradeStop】経済指標発表や任意の時間でEAを停止、開始できるMT4トレードツール
15797,6000,3242,2018/11/14,93.4,34.7,MT4ラインオートコピー＋ChangeObject
15799,3500,12695,2018/11/14,93.4,135.88,MT4 チャート検証用インジケーター【ShiftChart】
15803,3000,553,2018/11/14,93.4,5.92,MT4CustomCandle
15804,3800,415,2018/11/14,93.4,4.44,MT4ShortLine
15809,4800,1118,2018/11/15,93.4,11.97,MT5ラインオートコピー
15813,3500,2553,2018/11/15,93.4,27.33,MT5ShiftChart
15815,3500,234,2018/11/15,93.4,2.51,MT4ショートカットキー
15816,3800,94,2018/11/15,93.4,1.01,MT5ShortLine
15837,3500,185,2018/11/16,93.4,1.98,MT5ショートカットキー
15984,560,3020,2018/11/23,93.1,32.43,"ForexTester用 日本時間表示 &amp; 時差調整 インジケーター (FT6,FT5,FT4,FT3,FT2 対応)"
15985,7000,2016,2018/11/23,93.1,21.65,ReviewCandleChart for MT4 トリセツ＆ライセンスキー
17547,9800,18,2019/03/30,89.0,0.2,ボリンジャーバンド態を全ての通貨・時間足を監視するヤバイツール
18117,3000,222,2019/04/28,88.0,2.52,MT4AutoSquare
18260,3000,424,2019/05/08,87.7,4.84,MT4フリーハンドライン
18580,6800,657,2019/05/26,87.1,7.54,MT4 ダウ理論トレンドモニター
18702,4800,750,2019/06/02,86.9,8.63,MT4VT_Chart
18947,4800,189,2019/06/15,86.4,2.19,MT4VT_Trade
20367,1500,268,2019/09/03,83.8,3.2,MT4/MT5で日本時間を表示するインディケーター
21171,29800,58,2019/10/17,82.4,0.7,MT4/MT5『世界基準ＭＡPro３』市場が反応しやすい主要ＭＡ期間自動計算インジケーター
21435,3000,914,2019/11/01,81.9,11.16,環境認識2.0
21527,4800,77,2019/11/06,81.7,0.94,MT5VT_Chart
24226,860,908,2020/05/28,75.0,12.11,"ForexTester用 ラウンドナンバー キリ番 時間 グリッド インジケーター (FT2,FT3,FT4,FT5 対応)"
24650,7000,512,2020/07/09,73.6,6.95,【MT5】ReviewCandleChart for MT5 トリセツ＆ライセンスキー
25019,3000,238,2020/08/11,72.5,3.28,MT4ClickStamp
25325,5980,151,2020/09/07,71.6,2.11,ダウ理論のアラート・メール送信サインツール
25916,5980,49,2020/10/31,69.9,0.7,[MT5]【ダウ理論】トレンドライン＆水平線自動描画ツール
26799,3000,2508,2020/12/27,68.0,36.88,【MT4】ロット自動調整エントリーツール
27002,10000,433,2021/01/07,67.6,6.4,DakarのFX手法
27876,13000,55,2021/02/24,66.1,0.83,【月間200pips兼業者向けインジ】Viet-kengyo Ver1.3
28643,2980,68,2021/04/03,64.8,1.05,MT4 ピークボトム
28857,7800,5,2021/04/12,64.5,0.08,【MT5版】RCI3本『3段階判定』で押し目買い・戻り売りを強力サポートするインジケーター【R1R2S3】
29090,3900,4221,2021/04/20,64.3,65.69,【簡単オーダー付き】許容損失一定型　ロット自動計算インジケーター for MT4&amp;5【EasyOrder】
29547,12800,188,2021/05/09,63.6,2.95,OGWのゴールド専用ＥＡ「OGW GOLD」
29671,39800,0,2021/05/15,63.4,0.0,通貨相関強弱　矢印　極
31267,5900,26,2021/07/22,61.2,0.42,FxTradingTool (MT5)
31600,69800,0,2021/08/04,60.8,0.0,『もちぽよアラート』トレンドの押し目＆戻し～逆張りまで高精度で狙えるサインインジケーター+手法のセット
32040,6800,26,2021/08/20,60.2,0.43,8CP見える化インジケータAnyCP
32932,4800,297,2021/09/22,59.2,5.02,ロット計算発注ツール
33601,16800,56,2021/10/17,58.3,0.96,バイナリーオプション用　ピンポイントでエントリーポイントを狙えるTrend Sniper AMADEUS
34179,7980,245,2021/11/06,57.7,4.25,【ダウ理論】スーパーZigZag！MTFでのトレンド判断、水平線、帯・ゾーン、メール・アラート、PUSH全部入り！[マルチタイムフレーム]
35304,49800,143,2021/12/27,56.0,2.55,プロトレーダーMASA　FX-OUGI　インジケーター
35780,69800,3408,2022/01/21,55.2,61.75,天と地のインジケーター ( 天と地の点＋自動利確 / 天と地のオシレーター＋自動利確 / 天と地のヒストグラム＋ライン )
36030,3000,2882,2022/03/01,53.9,53.46,もちぽよMACDダイバージェンスサイン
36129,3000,610,2022/02/07,54.6,11.17,【MT5】ロット自動調整エントリーツール
36273,29800,206,2023/02/03,42.8,4.82,FX テクニカル指標知らなくても勝てる。トレンド転換自動検知システムツール■スキャルパーVX■
36565,17800,446,2022/02/23,54.1,8.24,「反転のＲＣＩ」本格版　欲しかったＲＣＩの反転サインが今、あなたのもとへ届く！なんと ＲＣＩサインで決済ができるＥＡもお届けします♪
36681,4800,136,2022/02/28,53.9,2.52,MT4MirroringObject
37213,5900,353,2022/03/22,53.2,6.63,時間指定エントリー決済ツール【MT4】
37540,9800,4,2022/04/05,52.8,0.08,【MT5インジ】アラート、売買矢印表示対応ローソク足パターンインジ。MTF対応[MTP_CandlePattern_MTF_MT5]
37835,29800,65,2022/04/18,52.3,1.24,1分足インジケーター　バイナリーオプション・FX　短時間トレードで高勝率！
38007,13450,62,2022/04/27,52.0,1.19,「最強の移動平均線インジケーター」2つの線の色が揃った時にエントリーで、大きくpipsが取れます！
38165,3480,23,2022/05/04,51.8,0.44,酒田五法の三兵＋ADXの勝率表示機能付きシグナルツール
38183,6800,234,2022/05/07,51.7,4.53,MT4 スイング・トレード
38242,14980,663,2022/05/10,51.6,12.85,バイナリーオプション究極のサインツール
38311,3480,44,2022/05/12,51.5,0.85,【勝率表示機能付き】ボリンジャーバンド・RSI・ストキャスティクスの複合シグナルツール
38592,12000,53,2022/05/25,51.1,1.04,MONAバイナリー バイナリーオプション 月１００万 インジケーターサインツール BOやFX 高勝率高精度 安心と信頼 実際の取引動画あり
38802,14980,6,2022/06/07,50.7,0.12,「レジサポインジケーター」トライアングル、ウェッジ、三角持ち合い、サポートライン、レジスタンスラインなどを発見します！
39242,6980,15,2022/07/04,49.8,0.3,[MT4インジ]チャートのスクロールを同期するインジケーター[MTP_ChartSynchronizer]
39409,7800,61,2022/07/14,49.5,1.23,MT4【トレンドラインツール】『Trend Line TooL』自動線引インジケーター
39418,4800,43,2022/07/15,49.4,0.87,MT5ロット計算発注ツール
39606,29800,0,2022/07/29,49.0,0.0,相場の反転ポイントを正確に表示 FX Arrow and Arrow
39663,3000,29,2022/08/02,48.9,0.59,【FX】 自動レジサポライン・精度の高い抵抗線を生成するインジケーター 【 Frevent Nexus 】
40105,49800,959,2022/09/05,47.7,20.09,【最新版2024】破壊力抜群！上位足の波をもぎ取る！リペイント無し矢印マルチタイムフレーム
40664,3800,117,2022/10/07,46.7,2.51,MT4ChartResize
40785,42800,157,2022/10/14,46.5,3.38,【完全自動】環境認識を解析するインジケーター『AUTO ANALYZER』
41001,89800,686,2022/10/25,46.1,14.88,【天底名人】天井と底にシグナルを表示する常勝サインツール【為替介入を当てた実績あり】
42288,49800,183,2023/01/15,43.4,4.22,高勝率の売買サインツール・バイナリーオプション・インジケーター！【 逆張り 】OMEGA（オメガ） 簡単トレード！MT4　完全ノーリペイント
42559,59800,1050,2023/02/03,42.8,24.55,新・億トレーダーのスキャルピング
43143,39800,11,2023/03/11,41.6,0.26,GSのMTFグランビル達人
43461,30000,54,2023/03/30,41.0,1.32,【天空のFX】 高機能インジケーターから導き出されるエントリーと決済の最適なFXのスキャルピング・デイトレードロジック サインツールやシグナ
43513,12800,40,2023/04/03,40.8,0.98,【チャネル バイナリーオプション】自動チャネルラインとサインインジケーターを組み合わせた高精度の手法
43630,560,541,2023/04/10,40.6,13.32,"ForexTester用 MTF MA マルチタイムフレーム 移動平均線 インジケーター(FT6,FT5,FT4,FT3,FT2 対応)"
43759,20000,65,2023/04/17,40.4,1.61,【天空のサインツール】 バイナリーオプション 高機能インジケーターから導き出されるサインツールの必勝法 最後に辿り着いた最強のロジック・シグ
43858,24798,5,2023/04/22,40.2,0.12,『ダブルトレンドフォローシグナル』（通貨ペアを数値化し、ダブルシグナルで確実にトレンドに乗る事を実現）
44463,4000,48,2023/05/29,39.0,1.23,MT4WindowMultiResize
44638,5900,111,2023/06/08,38.7,2.87,時間指定エントリー決済ツール【MT5】
44761,5900,91,2023/06/14,38.5,2.37,自動ストップ移動ツール「AutoStopMovement」【MT5】
44838,8800,91,2023/06/18,38.3,2.37,【MT5】平均足スムーズド　中期・長期付き　だましなし　『MoreAndMore Info MT5 平均足スムーズド』
44942,560,274,2023/06/23,38.2,7.18,"ForexTester用 RCI [v2] 3,4,6本 インジケータ(FT6,FT5,FT4,FT3,FT2 対応)"
44985,8800,170,2023/06/26,38.1,4.46,【MoreAndMore Info MT4平均足スムーズド完全版】MT4 平均足スムーズド 中期・長期付き インジケーター　だましなし だま
44988,8800,125,2023/06/26,38.1,3.28,TradingView平均足スムーズド【中期・長期付き】
46135,24800,28,2023/09/01,35.9,0.78,【過去検証ツール】MT4で使える検証ツールの決定版『検証-PRO』
46469,29800,10,2023/09/18,35.3,0.28,【最高傑作!!未来予知シグナル】『トレンドマジック』
46646,34800,6,2023/09/27,35.0,0.17,TrimPips MT5版
46815,39840,828,2023/10/05,34.8,23.82,【ぽんたシグナル】「天底ナビゲーター手法」＋「一目でわかる高精度マルチタイムフレームインジケーター」＋「自動利確EA」セット
46958,20000,28,2023/10/10,34.6,0.81,【Mr.バイナリー】 バイナリーオプションで安定した収益を実現！ サインツールとシグナルツールと補助ツールを使ったエントリー＆トレード手法 
48790,16800,30,2024/01/14,31.4,0.95,期待月利140％Over！超反発バイナリーオプションサインツール
48946,14000,66,2024/01/22,31.2,2.12,TradingView 平均足トリプルアラート / 平均足・中期・長期の3つの色が揃ったときにサイン・アラート / アラート機能でチャート監
49041,24800,0,2024/01/26,31.0,0.0,GOLD1分足スキャルピング順張り手法
50115,12000,40,2024/03/18,29.3,1.36,とれとれインジケータ
50319,4800,252,2024/03/28,29.0,8.69,「天下無双」シンクロ・システム
50802,19800,46,2024/04/21,28.2,1.63,エクセルFXロジック 超安定型の高勝率ツール!! 低リスク・利益が増え続ける億り人のFX投資法!!
51989,29800,50,2024/06/15,26.4,1.89,天から金貨が降り注ぐ！シンプルトレードに徹した、FX初心者様用ツール■FXの覇者プロメテウス
52330,20000,1194,2024/07/01,25.9,46.12,7th HEAVEN_半自動ツール
52385,1900,149,2024/07/03,25.8,5.77,売買目線が一目瞭然 トレンド描画インジケータ MT4&amp;MT5【Ichimoku Trend】
52397,25000,954,2024/07/04,25.8,36.99,7th HEAVEN（MT5）_半自動ツール
52794,6800,98,2024/07/19,25.3,3.87,MT4 ウルトラ・トレール
53092,30000,27,2024/07/31,24.9,1.08,ELDRA
53197,30000,26,2024/08/04,24.8,1.05,半裁量EA MT5版 ELDRA
53822,24800,15,2024/08/29,23.9,0.63,【月額制】【FX半裁量EA】究極のナンピン×ピラミッディング戦略
54499,34000,7,2024/09/21,23.2,0.3,「無双の剣」+ /　凄腕トレンドライン描画インジケーター・有料級おまけ各種付
54664,69800,373,2024/09/28,23.0,16.24,天と地のデイスイング
55031,17777,476,2024/10/12,22.5,21.15,トレンドの初動に乗る順張りインジケーター「SIMSONIC」
56238,12500,165,2024/12/08,20.6,8.0,【TradingView】16通貨ペア対応！複数上位足の抵抗帯を自動表示＆アラートで通知するインジケーター
56716,6800,191,2024/12/29,19.9,9.58,MT4 波動マスター
57198,49700,269,2025/01/24,19.1,14.09,キャンドルパワー
57531,20260,26,2025/02/02,18.8,1.38,【バイナリーロジック】 バイナリーオプションの高精度サインツール！ シグナルツールと高性能ツールを使った高勝率・安定型システムの必勝法 BO
58077,59700,960,2025/02/14,18.4,52.18,リニューアル完全版【進撃の矢】全面バージョンアップで劇的に進化★完全ノーリペイント★スキャル対応
59338,19800,1,2025/03/10,17.6,0.06,Trend Line Trader(MT5)
61723,6800,72,2025/04/23,16.2,4.45,MT4 ストラテジーシグナル
61911,3000,28,2025/04/30,15.9,1.76,MT4/MT5『トレンドラインPro３』ダウ理論ベースのライントレード補助インジケーター｜サポレジライン/トレンドライン自動描画/削除
62077,59800,37,2025/05/07,15.7,2.36,勝ち組トレーダーへの転換「あの売買サインとは違う！！」
62148,2880,53,2025/06/02,14.8,3.57,AutoFibo TrendShot
63017,29800,6,2025/08/19,12.3,0.49,最小限の裁量で！EA型スイング戦略シグナル「ポラリスα」
64612,125000,112,2025/06/18,14.3,7.82,賢い人に選ばれている！【半裁量EA】資金奪還ロジック
65763,16900,2,2025/07/08,13.7,0.15,MWパターンプロMt5
66179,35000,325,2025/07/18,13.3,24.37,『First Xign Pro』－大口投資家級の最速サインで天底を狙い続ける－
66308,6999,2,2025/07/21,13.2,0.15,RSIダイバージェンスとFVGシグナルMT5
66695,62800,3,2026/01/12,7.5,0.4,【MT5版】ただの決済EAでない！
67263,20000,20,2025/08/10,12.6,1.59,【GOLD専用】1分足スキャルに特化したXAUUSD専用サインツール、ついに登場！プロ仕様インジケーター
67478,6000,40,2025/08/14,12.5,3.21,【トレンド初動・押し目戻りを色で瞬時に判別】レンジ完全回避の武器『MAスロープ・アングルインジケーター』
67778,9980,38,2025/08/19,12.3,3.09,【一撃100pips超も可能】登録者3万人超のFX系YouTuberが2年間勝ち続けた手法をオリジナルインジケーターで再現【MT4ツール＆マ
68570,38980,191,2025/10/28,10.0,19.13,【EA非対応サインツールをEA化！？】MT4版サインツールEA化ツール【不調なサインツールでも爆益に！？】
69029,9800,1,2025/09/09,11.6,0.09,『売り枯れ/買い枯れリバーサルシグナル（TradingView専用）』
69948,20000,19,2025/09/29,10.9,1.74,両建てFX秘伝書
70579,46400,15,2025/10/11,10.5,1.42,【ヤバすぎ】GOLDで実現してしまった「悪魔の証明」GOLD One Proサインツール！
70902,14800,34,2025/10/20,10.2,3.32,【1トレード3分以内で完結！】登録者1万人超のFX系YouTuber推奨の『ボリンジャーバンド＋1分足スキャルピング手法』をオリジナルインジ
71019,88800,103,2025/10/20,10.2,10.05,ピラミッティング裁量補助EA(半裁量)の最高峰！tundere【R】
71191,11200,44,2025/11/01,9.9,4.46,【月額版】ピラミッティング裁量補助EA(半裁量)の最高峰！tundere【R】
71681,3980,2,2025/11/20,9.2,0.22,トレビューつくーる
71929,1500,43,2025/11/07,9.7,4.45,他トレーダーと一歩差をつけるオリジナルエントリーサイン
72388,29800,8,2025/11/15,9.4,0.85,Ginkan（銀漢）
72489,69800,321,2026/02/09,6.6,48.86,プライムコンボシグナル ～天と地の総合サイン～
72871,19800,7,2025/12/14,8.4,0.83,【登録者43万人超／300万回再生／6.7万いいね】海外のYoutubeチャンネルで公開された『5分足デイトレードシステム』をオリジナルイン
73241,39800,3,2025/12/09,8.6,0.35,X CODE VISION~ゴールドに特化したインジケーター【※専用注文パネル付き】
73464,49800,33,2026/02/24,6.1,5.43,【神速の刻印】流れの起点を一瞬で撃ち抜く“超初動シグナル”【ぽんた式・高精度トリガー】
73904,6000,20,2025/12/18,8.3,2.41,相場が「止まる・溜まる・抜ける」を可視化する|レンジ・トレンド判別ツール
73936,52000,9,2025/12/22,8.2,1.1,DAVID　(ダビデ）/MT4・5版
73943,20000,32,2025/12/19,8.3,3.87,両建てFX IMPACT 相場の神に選ばれし、スキャルピング融合型
73969,7800,38,2025/12/22,8.2,4.65,DAVID（ダビデ）シンクロシステム　/MT4・５月額制
74387,7000,104,2026/01/02,7.8,13.3,GOLD M1 Signal「矢印だけ」に絞り！判断を速くするPro仕様
74388,7000,41,2026/01/02,7.8,5.24,GOLD M5 Signal「矢印だけ」に絞り！判断を速くするPro仕様
74609,29800,7,2026/05/13,3.5,1.99,TREND WAVE SNIPER｜デイトレ～スイングトレード矢印ツール【MT4/MT5】｜押し目買い・戻り売りシグナル｜トリプルフィルター
74667,69800,187,2026/01/18,7.3,25.64,【今年最新】今日から勝ちに行く『鬼速AI』- microAIエンジンが自動で検証し続ける！波とシンクロするサインツール2種＋オシレーターセッ
74670,79800,12,2026/01/19,7.3,1.65,【 最新 】【 AI 】【 高精度&amp;高性能 】MVP
74686,9800,87,2026/01/11,7.5,11.56,リペイントなしで驚くほど天井を捉える!? ダウ理論で的確に反発(押し目)を予兆するサインインジケーター【DowRebound】※MT4版※
74729,10000,89,2026/01/13,7.5,11.93,「あなたのサインツール、実はもっと勝てます」「ダマシ」を極限まで排除する守護神｜FXSkull_Filter Band T3
74768,98000,6,2026/01/14,7.4,0.81,Star Voyager
75002,6000,38,2026/01/21,7.2,5.28,【負けトレーダー救済】高値・安値が見えないから負ける！ダウ理論学習プロ｜ZigZag_Learning_Pro
75409,20000,5,2026/02/01,6.8,0.73,GOLD One M5Pro｜完全非リペイント｜損切・利確の描画
75547,5980,88,2026/02/06,6.7,13.2,無裁量スキャルピング手法【Low Risk Trend】
75646,9800,1,2026/02/06,6.7,0.15,Gate Keeper
76000,89990,0,2026/02/21,6.2,0.0,【AI Scalper GOLD】&quot;負けを記憶する学習型AI&quot;搭載 ゴールド専用スキャルピングインジケーター for M
76001,9800,0,2026/02/17,6.3,0.0,【月額版】“勝ち方が見える”最強サインツール❗伝説のトレーダー手法を元にした伝説の売買シグナル❗RW.Signal
76143,3480,8,2026/02/20,6.2,1.29,【RCI最終形態】3本ライン最適化ロジック｜背景色シグナル＆マルチタイムフィルター実装
76242,39800,12,2026/02/24,6.1,1.97,【スーパートレンドRCIで勝つ！！】トレンド転換・押し目買い・戻り売り　手法とケーススタディとインジケーター【STRCI】
76430,14800,6,2026/03/01,5.9,1.01,【限定価格】AI Zone Radar-サポレジ自動検出＆強度★5段階評価
76538,6000,4,2026/03/04,5.8,0.69,【実践型】RCI学習ツール｜FXSkull_RCI Learning Pro
76696,29800,2,2026/03/11,5.6,0.36,【押し目買いの終着点】9割が焼かれる&quot;浅い騙し&quot;を完全スルー。プロが潜む「大底」だけを無感情に狙撃する15分足サインツー
76876,59500,124,2026/03/11,5.6,22.2,ＡＩ学習推論型確率予測『mermaid』初心者でも簡単ワンタッチ・世界最先端の研究成果を導入した画期的なシステムついに誕生
76917,39800,18,2026/03/24,5.2,3.49,Golden　Hunter　圧倒のゴールデンハンター
76961,19800,2,2026/03/13,5.5,0.36,RiZIN ★ サインツール ★ バイナリーオプション ★ 無裁量 ★ 高精度 ★ 順張り ★ シグナルツール
77181,1980,8,2026/03/17,5.4,1.48,【MT4】ワンクリックで即時発注！SL/TP設定から決済まで完結する裁量トレードパネルEA
77208,36800,171,2026/03/18,5.4,31.93,【GOLD専用】TP・SLまで全自動表示｜迷わず注文できるサインツール｜KURAMA GOLD SIGNAL PRO
77415,78000,45,2026/03/22,5.2,8.62,Gonzo Special
77630,14000,7,2026/03/26,5.1,1.37,あなたのインジケーターを完全ドテンEAにします！「Loop-Turnaround_EA」
77864,18000,119,2026/03/31,4.9,24.15,【EA有り】点灯サイン全てエントリーOK！「遅れて入る」ほど利益が増える【GOLD M5】
78005,9800,4,2026/04/10,4.6,0.87,億トレーダーの頭んなか　～億を動かす人が見ている、たったひとつのポイント～
78065,19800,4,2026/04/05,4.8,0.84,天空のGOLD サインツールと分析ツールで金相場を攻略!! スキャルピングやデイトレードの天底決済を実現するトレード手法!! MT4による必
78077,49800,8,2026/04/07,4.7,1.7,AI GOLD SCALPER PRO｜AI判断搭載｜ゴールド専用スキャルピングインジケーター｜MT5専用
78080,59800,134,2026/04/07,4.7,28.52,MT5版【lucky式】天地爆速AI｜迷いを消して勝率を上げる高精度１分スキャル！
78349,3480,8,2026/04/10,4.6,1.74,SMC-Radar｜OB・FVG・BOS/CHoCH・Breaker・Sweep を全自動描画＋アラート通知
78372,49800,202,2026/04/10,4.6,43.92,FAD APEX｜MTF構造分析×S/A/Bランクシグナル×EXIT利確｜MT5インジケーター
78444,42900,1,2026/04/18,4.3,0.23,TRANCE-THUNDER FX
78779,38900,52,2026/04/20,4.3,12.18,【EA非対応サインツールをEA化！？】MT5版サインツールEA化ツール【不調なサインツールでも爆益に！？】
78796,20000,28,2026/04/21,4.2,6.61,昇金竜サイン For MT5
79018,78000,27,2026/04/27,4.0,6.68,Gonzo Nexus
79041,3000,5,2026/04/27,4.0,1.24,MT5AutoSquare
79058,9800,3,2026/04/27,4.0,0.74,Flat Manual Trader for MT4 | サインEA連動対応の高性能トレードアシスト
79106,25000,3,2026/04/30,3.9,0.76,【MTP:Slave】あなたのEAを聖杯級に変換!有利エントリー＆破綻リスク独自ロジックでゼロへ。スマホ通知で完全放置、寝てる間も稼ぐストレ
79187,39800,0,2026/05/01,3.9,0.0,サインはG -Gold Entry Signal-
79257,3980,12,2026/05/02,3.9,3.1,【MT4/MT5同梱】金額の呪縛を解くPips完全管理。超高速決済＆裁量支援パネル『BLW-TradeMaster-Pro』
79524,50000,1,2026/05/21,3.3,0.31,Pre-Signal-Alert System PRO for Trading View
79581,5980,3,2026/05/22,3.2,0.93,上位足ゾーン水平線 MFZ Auto SR　MT4＆MT5対応！
79912,29800,10,2026/05/19,3.3,3.01,【GOLD専用スイング版】TP・SLまで全自動表示｜チャートに張り付かないサインツール｜KURAMA GOLD SWING
79935,49800,118,2026/05/19,3.3,35.56,MT4版【lucky式】天地爆速 AI GOD PANEL－ SPECIAL EDITION －
80000,79800,0,2026/06/30,1.9,0.0,【黄金ラインスナイパーAI】裁量を磨きながらEAが積み上げる｜GOLD専用サインツール＋EA MT5版
80091,77800,204,2026/05/21,3.3,62.72,高確率予測★相場実況解説付き【BIG BANG 80X Pro】★分かってみれば、こんなにも簡単だった！★進撃の矢到達点★ノーリペイント
80099,9800,4,2026/05/26,3.1,1.3,【SMC】MTF対応　OB・FVG自動表示インジケーター｜タッチでグレー変色・個別時間足ラベル・1クリックON/OFFスイッチ搭載！色＆文字
80119,29500,113,2026/05/22,3.2,35.1,Trade Fischer
80147,98800,86,2026/05/22,3.2,26.71,【MT5版】生命体型ナンピンEA！相殺v2で含み損を呼吸に変える半裁量の最高峰【tundere life form】
80183,9800,5,2026/05/24,3.2,1.59,Gonzo Signal Matrix
80201,24800,3,2026/05/31,2.9,1.03,サインインジケータ製作依頼【１】
80342,7999,1,2026/05/27,3.1,0.33,28Pairs Perfect Order Dashboard (MT4)
80360,25000,0,2026/05/28,3.0,0.0,半裁量トレード補助EA「ほじょまる」MT4/MT5
80469,4980,38,2026/05/29,3.0,12.71,SMC-Signal｜スマートマネー手法で買い／売りエントリーを矢印表示・TP/SL自動算出＋MTFフィルター＋アラート通知
80510,14800,8,2026/06/04,2.8,2.86,【レジサポ転換 完全攻略システム】王道かつシンプルなルールで、迷わない。だから結果がでる。
80512,60000,21,2026/06/01,2.9,7.26,【金脈AI】ゴールド専用AIシグナル★ノーリペイント★いまの相場と対応策をAIが実況★矢印で売買・手仕舞いが一目★損益曲線・期待値・PFを常
80606,54900,23,2026/06/08,2.7,8.64,機械学習AI搭載★AI環境認識パネル★微裁量EA★AEGISシステム！ずっとチャートを監視できない忙しい方にオススメ！
80742,68800,11,2026/06/04,2.8,3.94,EA単体版【MT5版】生命体型ナンピンEA！相殺v2で含み損を呼吸に変える半裁量の最高峰【tundere life form】
80863,70000,1,2026/06/07,2.7,0.37,「ARD」手法
80871,4980,11,2026/06/07,2.7,4.08,【FX全般】VWAPプロ仕様スキャルピングインジケーターセット
80971,140000,13,2026/06/13,2.5,5.21,【AITrendVision】15万円→1.5億円超え検証｜10年破綻なしのAI類似チャート分析EA (MTPの全機能単独搭載) for M
80972,69800,1,2026/07/08,1.7,0.6,【AutoEdge999】10秒トレード！利益をとことん伸ばす高度なトレード戦略をワンクリックで実現
80987,9800,3,2026/06/10,2.6,1.16,【あらゆるサインを自動売買化】高機能ナンピン・マルチExit搭載型 汎用EA｜確定足・リアルタイム両対応【MT4版】
80989,20000,27,2026/06/10,2.6,10.4,昇金竜Sellサイン For MT5
81123,59800,3,2026/06/13,2.5,1.2,MT4/MT5『トレンドラインPro３』ダウ理論トレンド解析ライントレード補助インジケーター
81129,9800,8,2026/06/13,2.5,3.2,騙しの後に出る大口の本命シグナル IFVG自動サインツール【MT4】
81131,19800,25,2026/07/13,1.5,16.54,【Lサイン】５つの欲張りサインで相場を&quot;攻略&quot;天底、トレンド、レンジに対応
81183,8800,2,2026/06/15,2.4,0.82,【TradingView専用】MTF 6-MA &amp; Smart Exit  ダマシを回避し、反転を察知する実戦用インジケーター【買い
81389,40000,7,2026/06/19,2.3,3.04,LNH.Final
81705,4980,9,2026/06/26,2.1,4.35,IFVG ゾーン・サイン監視ツール（ICT/SMC)
81894,24800,2,2026/08/20,0.5,4.0,【YOSSY】Survival Trader Pro
81963,4900,0,2026/07/01,1.9,0.0,【某プロップファーム3冠プロ直伝】大衆の絶叫を拾う『極秘レシピ＆神の数式』完全アラート
82015,69800,0,2026/07/17,1.4,0.0,【GOLD専用】エントリー・決済まで自動｜サイン別ロット設定×リスク%自動ロットの半裁量EA｜KURAMA GOLD　SWING AUTO
82029,1480,26,2026/07/03,1.8,14.13,【ロット計算ツール】ラインを動かすだけで適正ロットを全自動計算！ゴールド・CFD・仮想通貨対応の資金管理お守りインジケーター 『Smart 
82081,1480,23,2026/07/04,1.8,12.73,【ロット計算ツール】ラインを動かすだけで適正ロットを全自動計算！ゴールド・CFD・仮想通貨対応の資金管理お守りインジケーター 『Smart 
82088,55000,3,2026/07/04,1.8,1.66,SMC All in one インジケータ
82415,4980,10,2026/07/12,1.5,6.48,SMC-Signal MT5｜スマートマネー手法で買い／売りエントリーを矢印表示・TP/SL自動算出＋MTFフィルター＋アラート通知
82587,3980,8,2026/07/15,1.4,5.53,【Neo鬼速AI】ビッグデータを活用したAIシグナル配信サービス|USDJPY
82611,49800,0,2026/07/16,1.4,0.0,勝者の極意
82625,39800,1,2026/07/16,1.4,0.71,"本物のAI搭載『GENSEN-AI』19,136種類のAIから、いま効くモデルだけを自動厳選"
82633,17500,5,2026/07/19,1.3,3.81,ホントに正しい後出しじゃんけんのやり方教えます
83073,50000,1,2026/07/24,1.1,0.87,SpikeEdge（スパイクエッジ）
83348,49800,0,2026/07/30,1.0,0.0,【FX】BLACK KOALA METHOD【AUD売り特化の完全無裁量ロジック】
83429,39800,2,2026/08/01,0.9,2.25,【ゴールドスキャルピングに特化】NODE HUNTER MT5 PRO【完全版】～迷わない。ブレない。勝ちを狙う。
83459,49800,1,2026/08/04,0.8,1.27,Gold Canon｜GOLD専用・サイン×半自動｜矢印に沿って動かす／見送るを選べる特化ロジック
83637,9800,2,2026/08/03,0.8,2.44,ドテンゴールド
83681,58000,53,2026/08/05,0.8,70.14,Gonzo Flanker
84036,7800,1,2026/08/11,0.6,1.79,ボリンジャー収束サイン全通貨検索
84047,16800,2,2026/08/13,0.5,4.0,大口投機筋COTリバージョンシグナル
84178,58800,2,2026/08/14,0.5,4.0,【単体版】ピラミッティング裁量補助EA(半裁量)の最高峰！tundere【R】
84387,28800,2,2026/08/17,0.5,4.0,【MT5版】nao式SMCインジの決定版！OB・FVG・UZ・7つの時間足を自動描画！【nao SMC】
84578,9800,1,2026/08/20,0.5,2.0,【MT5】複数上位足の抵抗帯を自動表示＆Discord通知するインジケーター「Zone Scope MTF」
84579,9800,1,2026/08/20,0.5,2.0,【MT4】複数上位足の抵抗帯を自動表示＆Discord通知するインジケーター「Zone Scope MTF」
84655,20000,8,2026/08/21,0.5,16.0,RSI-ONE
84684,7988,0,2026/08/22,0.5,0.0,ICT Core
