t,open,high,low,close,volume
2026-08-01 00:00:00,112.225,112.225,112.225,112.225,0.0
2026-08-01 01:00:00,112.225,112.225,112.225,112.225,0.0
2026-08-01 02:00:00,112.225,112.225,112.225,112.225,0.0
2026-08-01 03:00:00,112.225,112.225,112.225,112.225,0.0
2026-08-01 04:00:00,112.225,112.225,112.225,112.225,0.0
2026-08-01 05:00:00,112.225,112.225,112.225,112.225,0.0
2026-08-01 06:00:00,112.225,112.225,112.225,112.225,0.0
2026-08-01 07:00:00,112.225,112.225,112.225,112.225,0.0
2026-08-01 08:00:00,112.225,112.225,112.225,112.225,0.0
2026-08-01 09:00:00,112.225,112.225,112.225,112.225,0.0
2026-08-01 10:00:00,112.225,112.225,112.225,112.225,0.0
2026-08-01 11:00:00,112.225,112.225,112.225,112.225,0.0
2026-08-01 12:00:00,112.225,112.225,112.225,112.225,0.0
2026-08-01 13:00:00,112.225,112.225,112.225,112.225,0.0
2026-08-01 14:00:00,112.225,112.225,112.225,112.225,0.0
2026-08-01 15:00:00,112.225,112.225,112.225,112.225,0.0
2026-08-01 16:00:00,112.225,112.225,112.225,112.225,0.0
2026-08-01 17:00:00,112.225,112.225,112.225,112.225,0.0
2026-08-01 18:00:00,112.225,112.225,112.225,112.225,0.0
2026-08-01 19:00:00,112.225,112.225,112.225,112.225,0.0
2026-08-01 20:00:00,112.225,112.225,112.225,112.225,0.0
2026-08-01 21:00:00,112.225,112.225,112.225,112.225,0.0
2026-08-01 22:00:00,112.225,112.225,112.225,112.225,0.0
2026-08-01 23:00:00,112.225,112.225,112.225,112.225,0.0
2026-08-02 00:00:00,112.225,112.225,112.225,112.225,0.0
2026-08-02 01:00:00,112.225,112.225,112.225,112.225,0.0
2026-08-02 02:00:00,112.225,112.225,112.225,112.225,0.0
2026-08-02 03:00:00,112.225,112.225,112.225,112.225,0.0
2026-08-02 04:00:00,112.225,112.225,112.225,112.225,0.0
2026-08-02 05:00:00,112.225,112.225,112.225,112.225,0.0
2026-08-02 06:00:00,112.225,112.225,112.225,112.225,0.0
2026-08-02 07:00:00,112.225,112.225,112.225,112.225,0.0
2026-08-02 08:00:00,112.225,112.225,112.225,112.225,0.0
2026-08-02 09:00:00,112.225,112.225,112.225,112.225,0.0
2026-08-02 10:00:00,112.225,112.225,112.225,112.225,0.0
2026-08-02 11:00:00,112.225,112.225,112.225,112.225,0.0
2026-08-02 12:00:00,112.225,112.225,112.225,112.225,0.0
2026-08-02 13:00:00,112.225,112.225,112.225,112.225,0.0
2026-08-02 14:00:00,112.225,112.225,112.225,112.225,0.0
2026-08-02 15:00:00,112.225,112.225,112.225,112.225,0.0
2026-08-02 16:00:00,112.225,112.225,112.225,112.225,0.0
2026-08-02 17:00:00,112.225,112.225,112.225,112.225,0.0
2026-08-02 18:00:00,112.225,112.225,112.225,112.225,0.0
2026-08-02 19:00:00,112.225,112.225,112.225,112.225,0.0
2026-08-02 20:00:00,112.225,112.225,112.225,112.225,0.0
2026-08-02 21:00:00,112.115,112.436,112.093,112.362,2701.949951171875
2026-08-02 22:00:00,112.389,112.39,112.044,112.275,14567.400390625
2026-08-02 23:00:00,112.281,112.647,112.111,112.449,15291.1201171875
2026-08-03 00:00:00,112.449,112.644,110.832,111.344,43487.03125
2026-08-03 01:00:00,111.348,111.539,110.841,111.433,30253.970703125
2026-08-03 02:00:00,111.433,111.612,111.341,111.515,15075.33984375
2026-08-03 03:00:00,111.514,111.62,111.379,111.528,12025.5
2026-08-03 04:00:00,111.528,111.548,111.435,111.491,10041.599609375
2026-08-03 05:00:00,111.493,111.522,111.437,111.481,8808.3603515625
2026-08-03 06:00:00,111.481,111.719,111.438,111.675,14592.0595703125
2026-08-03 07:00:00,111.676,111.695,111.472,111.646,19042.529296875
2026-08-03 08:00:00,111.648,111.799,111.527,111.797,15831.5703125
2026-08-03 09:00:00,111.797,111.936,111.731,111.87,11687.1298828125
2026-08-03 10:00:00,111.869,111.872,111.573,111.666,11074.8603515625
2026-08-03 11:00:00,111.666,111.85,111.583,111.67,13249.8603515625
2026-08-03 12:00:00,111.67,111.751,111.607,111.703,14753.759765625
2026-08-03 13:00:00,111.703,111.734,111.301,111.416,25684.140625
2026-08-03 14:00:00,111.423,111.65,111.315,111.541,23836.369140625
2026-08-03 15:00:00,111.54,111.841,111.513,111.796,17052.240234375
2026-08-03 16:00:00,111.795,111.805,111.548,111.719,11680.4501953125
2026-08-03 17:00:00,111.718,111.774,111.705,111.75,6876.4501953125
2026-08-03 18:00:00,111.75,111.78,111.561,111.627,15180.9296875
2026-08-03 19:00:00,111.632,111.758,111.616,111.749,8641.8603515625
2026-08-03 20:00:00,111.75,111.93,111.698,111.879,6977.1298828125
2026-08-03 21:00:00,111.84,111.904,111.798,111.891,2148.300048828125
2026-08-03 22:00:00,111.892,112.08,111.892,112.03,4657.5
2026-08-03 23:00:00,112.029,112.235,111.977,112.152,6151.2001953125
2026-08-04 00:00:00,112.153,112.177,111.968,112.149,18899.849609375
2026-08-04 01:00:00,112.15,112.221,112.077,112.22,14272.0498046875
2026-08-04 02:00:00,112.221,112.298,112.209,112.275,11591.5498046875
2026-08-04 03:00:00,112.274,112.286,112.13,112.258,9897.0
2026-08-04 04:00:00,112.258,112.268,112.127,112.176,8902.2001953125
2026-08-04 05:00:00,112.174,112.245,112.14,112.238,8339.400390625
2026-08-04 06:00:00,112.238,112.24,112.059,112.137,14386.740234375
2026-08-04 07:00:00,112.136,112.328,112.127,112.316,15610.8896484375
2026-08-04 08:00:00,112.316,112.406,112.293,112.401,13917.7802734375
2026-08-04 09:00:00,112.402,112.519,112.402,112.492,10796.16015625
2026-08-04 10:00:00,112.492,112.512,112.388,112.393,12387.240234375
2026-08-04 11:00:00,112.393,112.396,111.955,112.016,17921.759765625
2026-08-04 12:00:00,112.014,112.081,111.881,112.014,16870.19921875
2026-08-04 13:00:00,112.015,112.033,111.792,111.919,18496.01953125
2026-08-04 14:00:00,111.93,112.154,111.895,112.079,19423.80078125
2026-08-04 15:00:00,112.08,112.116,111.82,111.879,17507.669921875
2026-08-04 16:00:00,111.878,111.985,111.848,111.946,11211.0
2026-08-04 17:00:00,111.946,112.009,111.916,111.994,9777.330078125
2026-08-04 18:00:00,111.994,112.092,111.978,112.081,15616.7099609375
2026-08-04 19:00:00,112.081,112.214,112.074,112.152,13823.4599609375
2026-08-04 20:00:00,112.152,112.183,112.122,112.125,11605.3798828125
2026-08-04 21:00:00,112.122,112.162,112.062,112.116,2189.39990234375
2026-08-04 22:00:00,112.118,112.177,112.106,112.152,3572.969970703125
2026-08-04 23:00:00,112.151,112.186,112.086,112.118,3325.949951171875
2026-08-05 00:00:00,112.12,112.145,111.934,112.001,14014.0498046875
2026-08-05 01:00:00,112.002,112.06,111.976,112.016,14839.349609375
2026-08-05 02:00:00,112.016,112.056,111.799,111.888,15688.7998046875
2026-08-05 03:00:00,111.889,111.961,111.873,111.875,12376.7998046875
2026-08-05 04:00:00,111.875,112.043,111.853,112.024,8513.25
2026-08-05 05:00:00,112.026,112.045,111.986,112.018,10081.5
2026-08-05 06:00:00,112.017,112.068,111.941,111.995,14031.0
2026-08-05 07:00:00,111.994,112.121,111.962,112.118,8500.9501953125
2026-08-05 08:00:00,112.117,112.199,112.106,112.176,8373.900390625
2026-08-05 09:00:00,112.175,112.223,112.116,112.165,9306.150390625
2026-08-05 10:00:00,112.164,112.211,112.112,112.121,7108.35009765625
2026-08-05 11:00:00,112.121,112.147,112.034,112.124,12018.5703125
2026-08-05 12:00:00,112.124,112.192,112.079,112.18,11793.83984375
2026-08-05 13:00:00,112.181,112.206,112.06,112.171,15421.5595703125
2026-08-05 14:00:00,112.17,112.381,112.107,112.345,18563.51953125
2026-08-05 15:00:00,112.345,112.458,112.298,112.458,15081.419921875
2026-08-05 16:00:00,112.46,112.48,112.403,112.463,8014.7998046875
2026-08-05 17:00:00,112.467,112.547,112.433,112.543,6303.89990234375
2026-08-05 18:00:00,112.544,112.573,112.53,112.56,5803.5
2026-08-05 19:00:00,112.561,112.592,112.523,112.561,5933.10009765625
2026-08-05 20:00:00,112.563,112.639,112.542,112.546,4698.4501953125
2026-08-05 21:00:00,112.499,112.563,112.46,112.527,2930.669921875
2026-08-05 22:00:00,112.527,112.57,112.527,112.545,2898.0
2026-08-05 23:00:00,112.545,112.546,112.473,112.499,3108.300048828125
2026-08-06 00:00:00,112.501,112.638,112.501,112.608,13596.599609375
2026-08-06 01:00:00,112.605,112.637,112.554,112.575,10379.849609375
2026-08-06 02:00:00,112.574,112.583,112.54,112.561,7999.2001953125
2026-08-06 03:00:00,112.561,112.597,112.549,112.564,6666.60009765625
2026-08-06 04:00:00,112.563,112.567,112.541,112.565,5205.60009765625
2026-08-06 05:00:00,112.566,112.596,112.549,112.586,6406.5
2026-08-06 06:00:00,112.584,112.643,112.579,112.633,9531.5400390625
2026-08-06 07:00:00,112.634,112.676,112.57,112.662,7437.35986328125
2026-08-06 08:00:00,112.664,112.72,112.612,112.668,8214.599609375
2026-08-06 09:00:00,112.669,112.705,112.665,112.681,6419.27978515625
2026-08-06 10:00:00,112.68,112.786,112.666,112.778,5745.4501953125
2026-08-06 11:00:00,112.778,112.845,112.777,112.826,10226.400390625
2026-08-06 12:00:00,112.829,112.837,112.739,112.741,9581.4296875
2026-08-06 13:00:00,112.741,112.742,112.618,112.646,11811.83984375
2026-08-06 14:00:00,112.646,112.909,112.642,112.845,18753.900390625
2026-08-06 15:00:00,112.844,112.939,112.834,112.935,15950.8798828125
2026-08-06 16:00:00,112.936,113.061,112.832,113.051,11444.25
2026-08-06 17:00:00,113.05,113.05,112.984,113.023,7497.0
2026-08-06 18:00:00,113.023,113.055,112.983,112.993,7688.0400390625
2026-08-06 19:00:00,112.993,113.071,112.973,113.033,9029.25
2026-08-06 20:00:00,113.034,113.097,113.028,113.03,5251.68017578125
2026-08-06 21:00:00,113.014,113.096,112.974,113.063,1548.9000244140625
2026-08-06 22:00:00,113.062,113.094,113.056,113.071,1559.8499755859375
2026-08-06 23:00:00,113.071,113.075,113.023,113.048,1995.300048828125
2026-08-07 00:00:00,113.049,113.119,113.043,113.085,12882.2998046875
2026-08-07 01:00:00,113.088,113.1,112.897,112.971,12340.5
2026-08-07 02:00:00,112.97,112.998,112.941,112.965,7040.85009765625
2026-08-07 03:00:00,112.964,113.02,112.954,112.999,7000.0498046875
2026-08-07 04:00:00,112.999,113.012,112.973,112.975,6832.35009765625
2026-08-07 05:00:00,112.975,112.984,112.897,112.901,6475.7998046875
2026-08-07 06:00:00,112.901,112.938,112.86,112.929,8992.7099609375
2026-08-07 07:00:00,112.93,112.999,112.913,112.959,6174.0
2026-08-07 08:00:00,112.958,112.999,112.915,112.945,7829.25
2026-08-07 09:00:00,112.943,113.014,112.932,112.988,6176.25
2026-08-07 10:00:00,112.988,112.994,112.866,112.908,7348.68017578125
2026-08-07 11:00:00,112.91,113.007,112.904,113.004,6429.2998046875
2026-08-07 12:00:00,113.005,113.149,112.329,112.844,30653.400390625
2026-08-07 13:00:00,112.845,113.095,112.774,113.081,22999.470703125
2026-08-07 14:00:00,113.08,113.323,113.076,113.27,23087.55078125
2026-08-07 15:00:00,113.273,113.302,112.992,113.071,22734.240234375
2026-08-07 16:00:00,113.072,113.072,112.888,112.994,16298.1298828125
2026-08-07 17:00:00,112.994,113.047,112.93,113.001,8315.7001953125
2026-08-07 18:00:00,113.0,113.102,112.994,113.043,7800.60009765625
2026-08-07 19:00:00,113.044,113.086,112.948,113.011,10941.669921875
2026-08-07 20:00:00,113.011,113.202,113.003,113.114,12705.5703125
2026-08-07 21:00:00,113.114,113.114,113.114,113.114,0.0
2026-08-07 22:00:00,113.114,113.114,113.114,113.114,0.0
2026-08-07 23:00:00,113.114,113.114,113.114,113.114,0.0
2026-08-08 00:00:00,113.114,113.114,113.114,113.114,0.0
2026-08-08 01:00:00,113.114,113.114,113.114,113.114,0.0
2026-08-08 02:00:00,113.114,113.114,113.114,113.114,0.0
2026-08-08 03:00:00,113.114,113.114,113.114,113.114,0.0
2026-08-08 04:00:00,113.114,113.114,113.114,113.114,0.0
2026-08-08 05:00:00,113.114,113.114,113.114,113.114,0.0
2026-08-08 06:00:00,113.114,113.114,113.114,113.114,0.0
2026-08-08 07:00:00,113.114,113.114,113.114,113.114,0.0
2026-08-08 08:00:00,113.114,113.114,113.114,113.114,0.0
2026-08-08 09:00:00,113.114,113.114,113.114,113.114,0.0
2026-08-08 10:00:00,113.114,113.114,113.114,113.114,0.0
2026-08-08 11:00:00,113.114,113.114,113.114,113.114,0.0
2026-08-08 12:00:00,113.114,113.114,113.114,113.114,0.0
2026-08-08 13:00:00,113.114,113.114,113.114,113.114,0.0
2026-08-08 14:00:00,113.114,113.114,113.114,113.114,0.0
2026-08-08 15:00:00,113.114,113.114,113.114,113.114,0.0
2026-08-08 16:00:00,113.114,113.114,113.114,113.114,0.0
2026-08-08 17:00:00,113.114,113.114,113.114,113.114,0.0
2026-08-08 18:00:00,113.114,113.114,113.114,113.114,0.0
2026-08-08 19:00:00,113.114,113.114,113.114,113.114,0.0
2026-08-08 20:00:00,113.114,113.114,113.114,113.114,0.0
2026-08-08 21:00:00,113.114,113.114,113.114,113.114,0.0
2026-08-08 22:00:00,113.114,113.114,113.114,113.114,0.0
2026-08-08 23:00:00,113.114,113.114,113.114,113.114,0.0
2026-08-09 00:00:00,113.114,113.114,113.114,113.114,0.0
2026-08-09 01:00:00,113.114,113.114,113.114,113.114,0.0
2026-08-09 02:00:00,113.114,113.114,113.114,113.114,0.0
2026-08-09 03:00:00,113.114,113.114,113.114,113.114,0.0
2026-08-09 04:00:00,113.114,113.114,113.114,113.114,0.0
2026-08-09 05:00:00,113.114,113.114,113.114,113.114,0.0
2026-08-09 06:00:00,113.114,113.114,113.114,113.114,0.0
2026-08-09 07:00:00,113.114,113.114,113.114,113.114,0.0
2026-08-09 08:00:00,113.114,113.114,113.114,113.114,0.0
2026-08-09 09:00:00,113.114,113.114,113.114,113.114,0.0
2026-08-09 10:00:00,113.114,113.114,113.114,113.114,0.0
2026-08-09 11:00:00,113.114,113.114,113.114,113.114,0.0
2026-08-09 12:00:00,113.114,113.114,113.114,113.114,0.0
2026-08-09 13:00:00,113.114,113.114,113.114,113.114,0.0
2026-08-09 14:00:00,113.114,113.114,113.114,113.114,0.0
2026-08-09 15:00:00,113.114,113.114,113.114,113.114,0.0
2026-08-09 16:00:00,113.114,113.114,113.114,113.114,0.0
2026-08-09 17:00:00,113.114,113.114,113.114,113.114,0.0
2026-08-09 18:00:00,113.114,113.114,113.114,113.114,0.0
2026-08-09 19:00:00,113.114,113.114,113.114,113.114,0.0
2026-08-09 20:00:00,113.114,113.114,113.114,113.114,0.0
2026-08-09 21:00:00,113.005,113.043,112.918,113.013,796.6500244140625
2026-08-09 22:00:00,113.013,113.262,113.006,113.244,3030.300048828125
2026-08-09 23:00:00,113.244,113.251,113.158,113.177,5961.75
2026-08-10 00:00:00,113.178,113.245,113.148,113.231,13943.849609375
2026-08-10 01:00:00,113.232,113.472,113.205,113.443,15018.6904296875
2026-08-10 02:00:00,113.442,113.457,113.373,113.377,7149.2998046875
2026-08-10 03:00:00,113.376,113.378,113.285,113.311,7849.9501953125
2026-08-10 04:00:00,113.312,113.424,113.311,113.42,6794.25
2026-08-10 05:00:00,113.422,113.451,113.401,113.446,11050.9501953125
2026-08-10 06:00:00,113.446,113.543,113.441,113.503,12892.3798828125
2026-08-10 07:00:00,113.504,113.685,113.496,113.677,15088.349609375
2026-08-10 08:00:00,113.677,113.846,113.632,113.82,14981.849609375
2026-08-10 09:00:00,113.819,113.949,113.805,113.929,7154.85009765625
2026-08-10 10:00:00,113.929,113.95,113.837,113.912,8960.669921875
2026-08-10 11:00:00,113.911,113.962,113.897,113.932,9458.5498046875
2026-08-10 12:00:00,113.931,113.968,113.65,113.957,15778.7998046875
2026-08-10 13:00:00,113.956,114.004,113.863,113.988,15838.650390625
2026-08-10 14:00:00,113.987,114.027,113.916,113.995,14723.73046875
2026-08-10 15:00:00,113.995,114.105,113.952,114.089,12758.099609375
2026-08-10 16:00:00,114.088,114.157,114.076,114.14,8462.91015625
2026-08-10 17:00:00,114.141,114.179,114.089,114.118,7769.009765625
2026-08-10 18:00:00,114.118,114.313,114.101,114.215,8053.52978515625
2026-08-10 19:00:00,114.217,114.348,114.201,114.285,7473.2998046875
2026-08-10 20:00:00,114.284,114.323,114.257,114.259,4419.33984375
2026-08-10 21:00:00,114.206,114.246,114.038,114.214,2016.449951171875
2026-08-10 22:00:00,114.214,114.283,114.202,114.256,2443.199951171875
2026-08-10 23:00:00,114.255,114.287,114.201,114.221,3584.550048828125
2026-08-11 00:00:00,114.221,114.264,114.087,114.228,13197.7197265625
2026-08-11 01:00:00,114.228,114.253,114.175,114.246,8955.509765625
2026-08-11 02:00:00,114.246,114.322,114.236,114.291,8545.4697265625
2026-08-11 03:00:00,114.291,114.298,114.239,114.278,6866.7001953125
2026-08-11 04:00:00,114.278,114.306,114.255,114.273,8247.4501953125
2026-08-11 05:00:00,114.273,114.307,114.244,114.303,7291.2001953125
2026-08-11 06:00:00,114.303,114.304,114.248,114.271,13888.919921875
2026-08-11 07:00:00,114.269,114.339,114.267,114.284,10480.41015625
2026-08-11 08:00:00,114.285,114.372,114.245,114.364,8305.6201171875
2026-08-11 09:00:00,114.365,114.388,114.314,114.324,7071.66015625
2026-08-11 10:00:00,114.323,114.365,114.26,114.288,7515.22998046875
2026-08-11 11:00:00,114.289,114.297,114.157,114.247,13349.73046875
2026-08-11 12:00:00,114.245,114.348,114.216,114.304,12308.669921875
2026-08-11 13:00:00,114.305,114.305,114.214,114.245,9453.150390625
2026-08-11 14:00:00,114.245,114.353,114.244,114.337,7503.08984375
2026-08-11 15:00:00,114.338,114.393,114.278,114.371,9265.9501953125
2026-08-11 16:00:00,114.371,114.444,114.341,114.443,6942.75
2026-08-11 17:00:00,114.444,114.472,114.418,114.429,5949.60009765625
2026-08-11 18:00:00,114.43,114.471,114.414,114.418,4269.4501953125
2026-08-11 19:00:00,114.417,114.435,114.386,114.391,3589.5
2026-08-11 20:00:00,114.39,114.439,114.358,114.376,3514.050048828125
2026-08-11 21:00:00,114.326,114.386,114.257,114.381,1104.75
2026-08-11 22:00:00,114.379,114.43,114.374,114.42,1814.25
2026-08-11 23:00:00,114.42,114.429,114.393,114.413,1747.949951171875
2026-08-12 00:00:00,114.416,114.464,114.369,114.444,9898.1396484375
2026-08-12 01:00:00,114.444,114.464,114.379,114.393,7526.009765625
2026-08-12 02:00:00,114.391,114.463,114.386,114.45,6985.9501953125
2026-08-12 03:00:00,114.451,114.493,114.45,114.46,4889.39990234375
2026-08-12 04:00:00,114.46,114.469,114.409,114.434,4993.9501953125
2026-08-12 05:00:00,114.434,114.442,114.355,114.428,6540.990234375
2026-08-12 06:00:00,114.429,114.445,114.389,114.418,10505.400390625
2026-08-12 07:00:00,114.42,114.426,114.352,114.412,6985.5
2026-08-12 08:00:00,114.413,114.414,114.343,114.359,7149.1201171875
2026-08-12 09:00:00,114.358,114.369,113.845,114.203,14470.6201171875
2026-08-12 10:00:00,114.202,114.257,114.184,114.246,7775.0400390625
2026-08-12 11:00:00,114.244,114.246,114.161,114.241,6908.7001953125
2026-08-12 12:00:00,114.242,114.306,114.034,114.153,24991.169921875
2026-08-12 13:00:00,114.154,114.292,114.075,114.286,21173.150390625
2026-08-12 14:00:00,114.286,114.391,114.273,114.346,15416.8798828125
2026-08-12 15:00:00,114.345,114.423,114.335,114.384,8973.0
2026-08-12 16:00:00,114.384,114.389,114.322,114.327,6703.14013671875
2026-08-12 17:00:00,114.326,114.388,114.285,114.377,6982.9501953125
2026-08-12 18:00:00,114.376,114.417,114.36,114.364,5933.7001953125
2026-08-12 19:00:00,114.365,114.415,114.345,114.408,8672.1904296875
2026-08-12 20:00:00,114.408,114.423,114.324,114.325,6235.830078125
2026-08-12 21:00:00,114.325,114.378,114.3,114.346,1825.9200439453125
2026-08-12 22:00:00,114.344,114.374,114.34,114.346,1644.9000244140625
2026-08-12 23:00:00,114.346,114.346,114.291,114.299,3367.64990234375
2026-08-13 00:00:00,114.3,114.341,114.257,114.306,12637.349609375
2026-08-13 01:00:00,114.305,114.305,114.251,114.277,9993.75
2026-08-13 02:00:00,114.276,114.336,114.269,114.318,6373.64990234375
2026-08-13 03:00:00,114.317,114.335,114.3,114.308,7291.5
2026-08-13 04:00:00,114.308,114.344,114.156,114.202,10078.650390625
2026-08-13 05:00:00,114.203,114.282,114.188,114.222,9947.099609375
2026-08-13 06:00:00,114.224,114.273,114.207,114.228,13139.759765625
2026-08-13 07:00:00,114.228,114.26,114.194,114.225,8947.830078125
2026-08-13 08:00:00,114.224,114.255,114.214,114.249,6726.5400390625
2026-08-13 09:00:00,114.249,114.326,114.24,114.323,6202.02001953125
2026-08-13 10:00:00,114.323,114.344,114.293,114.311,6720.75
2026-08-13 11:00:00,114.31,114.323,114.241,114.265,6516.509765625
2026-08-13 12:00:00,114.264,114.285,114.198,114.263,14213.4296875
2026-08-13 13:00:00,114.264,114.317,114.155,114.157,16978.5
2026-08-13 14:00:00,114.155,114.215,114.045,114.158,21626.73046875
2026-08-13 15:00:00,114.158,114.352,114.157,114.346,17639.609375
2026-08-13 16:00:00,114.346,114.491,114.34,114.484,11334.240234375
2026-08-13 17:00:00,114.485,114.52,114.462,114.475,11780.91015625
2026-08-13 18:00:00,114.476,114.477,114.421,114.473,13289.1904296875
2026-08-13 19:00:00,114.475,114.537,114.47,114.535,10520.2802734375
2026-08-13 20:00:00,114.535,114.554,114.473,114.473,6193.89013671875
2026-08-13 21:00:00,114.458,114.494,114.398,114.459,1479.510009765625
2026-08-13 22:00:00,114.463,114.501,114.463,114.48,2163.0
2026-08-13 23:00:00,114.478,114.5,114.47,114.472,2696.550048828125
2026-08-14 00:00:00,114.472,114.545,114.452,114.48,13015.2001953125
2026-08-14 01:00:00,114.481,114.49,114.444,114.469,11239.349609375
2026-08-14 02:00:00,114.47,114.494,114.457,114.48,7749.2998046875
2026-08-14 03:00:00,114.48,114.501,114.442,114.494,8078.0400390625
2026-08-14 04:00:00,114.493,114.495,114.467,114.487,6041.10009765625
2026-08-14 05:00:00,114.485,114.509,114.399,114.478,9374.3095703125
2026-08-14 06:00:00,114.477,114.545,114.41,114.537,10925.4296875
2026-08-14 07:00:00,114.537,114.654,114.53,114.622,10496.400390625
2026-08-14 08:00:00,114.622,114.631,114.496,114.581,11403.240234375
2026-08-14 09:00:00,114.581,114.6,114.54,114.582,11274.4501953125
2026-08-14 10:00:00,114.581,114.623,114.553,114.613,8178.4501953125
2026-08-14 11:00:00,114.612,114.657,114.579,114.615,10080.900390625
2026-08-14 12:00:00,114.614,114.647,114.351,114.486,23137.94921875
2026-08-14 13:00:00,114.485,114.636,114.478,114.602,21815.640625
2026-08-14 14:00:00,114.602,114.679,114.547,114.583,19701.150390625
2026-08-14 15:00:00,114.581,114.799,114.542,114.763,15676.2900390625
2026-08-14 16:00:00,114.763,114.882,114.758,114.876,10429.9501953125
2026-08-14 17:00:00,114.878,114.885,114.815,114.835,6684.75
2026-08-14 18:00:00,114.835,114.882,114.83,114.856,4628.85009765625
2026-08-14 19:00:00,114.856,114.884,114.835,114.843,5555.1298828125
2026-08-14 20:00:00,114.843,114.866,114.715,114.715,4868.490234375
2026-08-14 21:00:00,114.715,114.715,114.715,114.715,0.0
2026-08-14 22:00:00,114.715,114.715,114.715,114.715,0.0
2026-08-14 23:00:00,114.715,114.715,114.715,114.715,0.0
2026-08-15 00:00:00,114.715,114.715,114.715,114.715,0.0
2026-08-15 01:00:00,114.715,114.715,114.715,114.715,0.0
2026-08-15 02:00:00,114.715,114.715,114.715,114.715,0.0
2026-08-15 03:00:00,114.715,114.715,114.715,114.715,0.0
2026-08-15 04:00:00,114.715,114.715,114.715,114.715,0.0
2026-08-15 05:00:00,114.715,114.715,114.715,114.715,0.0
2026-08-15 06:00:00,114.715,114.715,114.715,114.715,0.0
2026-08-15 07:00:00,114.715,114.715,114.715,114.715,0.0
2026-08-15 08:00:00,114.715,114.715,114.715,114.715,0.0
2026-08-15 09:00:00,114.715,114.715,114.715,114.715,0.0
2026-08-15 10:00:00,114.715,114.715,114.715,114.715,0.0
2026-08-15 11:00:00,114.715,114.715,114.715,114.715,0.0
2026-08-15 12:00:00,114.715,114.715,114.715,114.715,0.0
2026-08-15 13:00:00,114.715,114.715,114.715,114.715,0.0
2026-08-15 14:00:00,114.715,114.715,114.715,114.715,0.0
2026-08-15 15:00:00,114.715,114.715,114.715,114.715,0.0
2026-08-15 16:00:00,114.715,114.715,114.715,114.715,0.0
2026-08-15 17:00:00,114.715,114.715,114.715,114.715,0.0
2026-08-15 18:00:00,114.715,114.715,114.715,114.715,0.0
2026-08-15 19:00:00,114.715,114.715,114.715,114.715,0.0
2026-08-15 20:00:00,114.715,114.715,114.715,114.715,0.0
2026-08-15 21:00:00,114.715,114.715,114.715,114.715,0.0
2026-08-15 22:00:00,114.715,114.715,114.715,114.715,0.0
2026-08-15 23:00:00,114.715,114.715,114.715,114.715,0.0
2026-08-16 00:00:00,114.715,114.715,114.715,114.715,0.0
2026-08-16 01:00:00,114.715,114.715,114.715,114.715,0.0
2026-08-16 02:00:00,114.715,114.715,114.715,114.715,0.0
2026-08-16 03:00:00,114.715,114.715,114.715,114.715,0.0
2026-08-16 04:00:00,114.715,114.715,114.715,114.715,0.0
2026-08-16 05:00:00,114.715,114.715,114.715,114.715,0.0
2026-08-16 06:00:00,114.715,114.715,114.715,114.715,0.0
2026-08-16 07:00:00,114.715,114.715,114.715,114.715,0.0
2026-08-16 08:00:00,114.715,114.715,114.715,114.715,0.0
2026-08-16 09:00:00,114.715,114.715,114.715,114.715,0.0
2026-08-16 10:00:00,114.715,114.715,114.715,114.715,0.0
2026-08-16 11:00:00,114.715,114.715,114.715,114.715,0.0
2026-08-16 12:00:00,114.715,114.715,114.715,114.715,0.0
2026-08-16 13:00:00,114.715,114.715,114.715,114.715,0.0
2026-08-16 14:00:00,114.715,114.715,114.715,114.715,0.0
2026-08-16 15:00:00,114.715,114.715,114.715,114.715,0.0
2026-08-16 16:00:00,114.715,114.715,114.715,114.715,0.0
2026-08-16 17:00:00,114.715,114.715,114.715,114.715,0.0
2026-08-16 18:00:00,114.715,114.715,114.715,114.715,0.0
2026-08-16 19:00:00,114.715,114.715,114.715,114.715,0.0
2026-08-16 20:00:00,114.715,114.715,114.715,114.715,0.0
2026-08-16 21:00:00,114.729,114.816,114.695,114.776,1560.030029296875
2026-08-16 22:00:00,114.776,114.889,114.73,114.735,4493.25
2026-08-16 23:00:00,114.734,114.806,114.73,114.778,4407.2998046875
2026-08-17 00:00:00,114.778,114.805,114.663,114.676,15445.8896484375
2026-08-17 01:00:00,114.678,114.728,114.654,114.707,11954.849609375
2026-08-17 02:00:00,114.707,114.718,114.635,114.678,7828.64990234375
2026-08-17 03:00:00,114.68,114.765,114.68,114.742,6364.2900390625
2026-08-17 04:00:00,114.742,114.776,114.728,114.771,6823.0498046875
2026-08-17 05:00:00,114.772,114.773,114.687,114.759,12148.650390625
2026-08-17 06:00:00,114.759,114.761,114.672,114.703,12263.25
2026-08-17 07:00:00,114.703,114.746,114.634,114.708,14320.9501953125
2026-08-17 08:00:00,114.708,114.842,114.707,114.827,10749.83984375
2026-08-17 09:00:00,114.827,114.883,114.799,114.864,9782.73046875
2026-08-17 10:00:00,114.865,114.887,114.814,114.849,7983.14990234375
2026-08-17 11:00:00,114.849,114.892,114.832,114.877,7656.75
2026-08-17 12:00:00,114.876,114.988,114.867,114.968,10430.25
2026-08-17 13:00:00,114.969,115.027,114.915,114.974,11644.830078125
2026-08-17 14:00:00,114.974,115.011,114.861,114.861,10264.650390625
2026-08-17 15:00:00,114.862,114.928,114.854,114.897,8811.599609375
2026-08-17 16:00:00,114.899,114.922,114.881,114.904,5504.85009765625
2026-08-17 17:00:00,114.903,114.997,114.886,114.986,5449.0498046875
2026-08-17 18:00:00,114.986,115.038,114.984,115.011,8736.0
2026-08-17 19:00:00,115.011,115.011,114.912,114.937,7805.5498046875
2026-08-17 20:00:00,114.938,114.97,114.897,114.897,3771.239990234375
2026-08-17 21:00:00,114.892,114.94,114.759,114.85,1112.699951171875
2026-08-17 22:00:00,114.85,114.94,114.85,114.913,1977.1500244140625
2026-08-17 23:00:00,114.914,114.919,114.852,114.869,3347.25
2026-08-18 00:00:00,114.872,115.001,114.864,114.943,13280.9697265625
2026-08-18 01:00:00,114.946,114.994,114.911,114.99,10786.5
2026-08-18 02:00:00,114.991,115.018,114.969,114.996,7962.39013671875
2026-08-18 03:00:00,114.997,115.035,114.992,115.013,7717.9501953125
2026-08-18 04:00:00,115.012,115.124,115.01,115.086,10143.4501953125
2026-08-18 05:00:00,115.086,115.1,115.044,115.066,7627.0498046875
2026-08-18 06:00:00,115.066,115.194,115.065,115.134,12239.9697265625
2026-08-18 07:00:00,115.134,115.196,115.133,115.193,11750.5498046875
2026-08-18 08:00:00,115.193,115.201,115.11,115.141,9945.4501953125
2026-08-18 09:00:00,115.143,115.159,115.085,115.102,10769.9697265625
2026-08-18 10:00:00,115.102,115.149,115.075,115.123,9487.5
2026-08-18 11:00:00,115.124,115.139,115.088,115.101,8835.7197265625
2026-08-18 12:00:00,115.101,115.135,115.071,115.083,11197.9501953125
2026-08-18 13:00:00,115.083,115.135,114.976,115.017,13970.6103515625
2026-08-18 14:00:00,115.015,115.024,114.881,114.9,17035.830078125
2026-08-18 15:00:00,114.902,114.94,114.862,114.896,13942.080078125
2026-08-18 16:00:00,114.896,114.896,114.826,114.828,9589.650390625
2026-08-18 17:00:00,114.827,114.84,114.789,114.791,7315.7998046875
2026-08-18 18:00:00,114.792,114.797,114.751,114.776,6334.5
2026-08-18 19:00:00,114.775,114.882,114.758,114.86,7355.85009765625
2026-08-18 20:00:00,114.859,114.883,114.815,114.817,4281.81982421875
2026-08-18 21:00:00,114.817,114.886,114.77,114.842,1679.489990234375
2026-08-18 22:00:00,114.848,114.874,114.826,114.828,3135.030029296875
2026-08-18 23:00:00,114.829,114.831,114.779,114.793,4049.85009765625
2026-08-19 00:00:00,114.794,114.794,114.684,114.7,17285.25
2026-08-19 01:00:00,114.701,114.74,114.677,114.723,11365.0498046875
2026-08-19 02:00:00,114.723,114.876,114.711,114.829,12247.2099609375
2026-08-19 03:00:00,114.832,114.871,114.827,114.831,8527.650390625
2026-08-19 04:00:00,114.832,114.849,114.735,114.783,11609.25
2026-08-19 05:00:00,114.782,114.789,114.709,114.761,11313.150390625
2026-08-19 06:00:00,114.762,114.767,114.659,114.737,11461.830078125
2026-08-19 07:00:00,114.736,114.774,114.68,114.714,13369.6796875
2026-08-19 08:00:00,114.713,114.722,114.588,114.691,13301.7001953125
2026-08-19 09:00:00,114.691,114.797,114.681,114.687,11839.5
2026-08-19 10:00:00,114.688,114.744,114.663,114.704,8500.830078125
2026-08-19 11:00:00,114.703,114.733,114.655,114.706,10375.26953125
2026-08-19 12:00:00,114.707,114.714,114.08,114.422,27465.26953125
2026-08-19 13:00:00,114.42,114.654,114.396,114.631,32754.0
2026-08-19 14:00:00,114.63,114.684,114.475,114.631,30084.140625
2026-08-19 15:00:00,114.632,114.733,114.588,114.644,26795.5
2026-08-19 16:00:00,114.643,114.707,114.634,114.67,14871.509765625
2026-08-19 17:00:00,114.671,114.737,114.657,114.722,13186.169921875
2026-08-19 18:00:00,114.722,114.738,114.583,114.638,15428.7001953125
2026-08-19 19:00:00,114.64,114.665,114.483,114.506,14888.7900390625
2026-08-19 20:00:00,114.507,114.573,114.472,114.531,5215.2001953125
2026-08-19 21:00:00,114.528,114.536,114.454,114.504,1673.489990234375
2026-08-19 22:00:00,114.517,114.578,114.461,114.571,3314.02001953125
2026-08-19 23:00:00,114.572,114.616,114.572,114.602,6284.85009765625
2026-08-20 00:00:00,114.601,114.737,114.586,114.714,21658.650390625
2026-08-20 01:00:00,114.715,114.875,114.708,114.872,21922.80078125
2026-08-20 02:00:00,114.871,114.872,114.713,114.754,15151.7998046875
2026-08-20 03:00:00,114.753,114.841,114.737,114.823,11036.7001953125
2026-08-20 04:00:00,114.822,114.942,114.814,114.892,10200.0
2026-08-20 05:00:00,114.893,115.022,114.885,114.986,11664.75
2026-08-20 06:00:00,114.984,114.985,114.844,114.848,17406.48046875
2026-08-20 07:00:00,114.847,115.019,114.803,114.982,17115.240234375
2026-08-20 08:00:00,114.984,115.12,114.972,115.108,13007.3095703125
2026-08-20 09:00:00,115.108,115.108,114.95,115.046,15743.51953125
2026-08-20 10:00:00,115.048,115.14,115.011,115.11,14050.5
2026-08-20 11:00:00,115.109,115.276,115.109,115.241,17811.26953125
2026-08-20 12:00:00,115.24,115.325,115.093,115.148,19808.4296875
2026-08-20 13:00:00,115.147,115.252,115.12,115.246,20541.599609375
2026-08-20 14:00:00,115.247,115.299,115.163,115.179,19376.490234375
2026-08-20 15:00:00,115.179,115.317,115.059,115.272,26949.5390625
2026-08-20 16:00:00,115.273,115.386,115.258,115.301,11787.5595703125
2026-08-20 17:00:00,115.299,115.389,115.274,115.368,10927.3203125
2026-08-20 18:00:00,115.368,115.436,115.356,115.415,11215.01953125
2026-08-20 19:00:00,115.415,115.439,115.357,115.358,11202.26953125
2026-08-20 20:00:00,115.359,115.398,115.329,115.329,8269.01953125
2026-08-20 21:00:00,115.328,115.376,115.2,115.343,2603.219970703125
2026-08-20 22:00:00,115.341,115.369,115.31,115.317,2310.60009765625
2026-08-20 23:00:00,115.318,115.325,115.271,115.293,6083.5498046875
2026-08-21 00:00:00,115.292,115.49,115.279,115.472,12571.2001953125
2026-08-21 01:00:00,115.474,115.491,115.385,115.413,14179.2001953125
2026-08-21 02:00:00,115.415,115.504,115.401,115.495,10802.919921875
2026-08-21 03:00:00,115.496,115.574,115.489,115.511,7542.10009765625
2026-08-21 04:00:00,115.509,115.55,115.483,115.503,6240.14990234375
2026-08-21 05:00:00,115.503,115.525,115.422,115.433,9118.650390625
2026-08-21 06:00:00,115.433,115.5,115.4,115.471,10926.900390625
2026-08-21 07:00:00,115.472,115.498,115.354,115.431,15376.76953125
2026-08-21 08:00:00,115.431,115.481,115.309,115.322,14636.4599609375
2026-08-21 09:00:00,115.321,115.367,115.213,115.351,14918.16015625
2026-08-21 10:00:00,115.352,115.512,115.35,115.49,11749.9501953125
2026-08-21 11:00:00,115.49,115.534,115.399,115.51,18986.73046875
2026-08-21 12:00:00,115.51,115.555,115.483,115.492,15380.8203125
2026-08-21 13:00:00,115.492,115.583,115.47,115.477,17198.759765625
2026-08-21 14:00:00,115.476,115.507,115.367,115.412,20653.080078125
2026-08-21 15:00:00,115.41,115.486,115.393,115.442,16006.7998046875
2026-08-21 16:00:00,115.442,115.484,115.39,115.482,11302.9501953125
2026-08-21 17:00:00,115.482,115.578,115.482,115.548,7162.35009765625
2026-08-21 18:00:00,115.549,115.578,115.532,115.556,5962.5
2026-08-21 19:00:00,115.555,115.563,115.476,115.477,6784.2001953125
2026-08-21 20:00:00,115.477,115.519,115.459,115.467,6945.4501953125
2026-08-21 21:00:00,115.467,115.467,115.467,115.467,0.0
2026-08-21 22:00:00,115.467,115.467,115.467,115.467,0.0
2026-08-21 23:00:00,115.467,115.467,115.467,115.467,0.0
2026-08-22 00:00:00,115.467,115.467,115.467,115.467,0.0
2026-08-22 01:00:00,115.467,115.467,115.467,115.467,0.0
2026-08-22 02:00:00,115.467,115.467,115.467,115.467,0.0
2026-08-22 03:00:00,115.467,115.467,115.467,115.467,0.0
2026-08-22 04:00:00,115.467,115.467,115.467,115.467,0.0
2026-08-22 05:00:00,115.467,115.467,115.467,115.467,0.0
2026-08-22 06:00:00,115.467,115.467,115.467,115.467,0.0
2026-08-22 07:00:00,115.467,115.467,115.467,115.467,0.0
2026-08-22 08:00:00,115.467,115.467,115.467,115.467,0.0
2026-08-22 09:00:00,115.467,115.467,115.467,115.467,0.0
2026-08-22 10:00:00,115.467,115.467,115.467,115.467,0.0
2026-08-22 11:00:00,115.467,115.467,115.467,115.467,0.0
2026-08-22 12:00:00,115.467,115.467,115.467,115.467,0.0
2026-08-22 13:00:00,115.467,115.467,115.467,115.467,0.0
2026-08-22 14:00:00,115.467,115.467,115.467,115.467,0.0
2026-08-22 15:00:00,115.467,115.467,115.467,115.467,0.0
2026-08-22 16:00:00,115.467,115.467,115.467,115.467,0.0
2026-08-22 17:00:00,115.467,115.467,115.467,115.467,0.0
2026-08-22 18:00:00,115.467,115.467,115.467,115.467,0.0
2026-08-22 19:00:00,115.467,115.467,115.467,115.467,0.0
2026-08-22 20:00:00,115.467,115.467,115.467,115.467,0.0
2026-08-22 21:00:00,115.467,115.467,115.467,115.467,0.0
2026-08-22 22:00:00,115.467,115.467,115.467,115.467,0.0
2026-08-22 23:00:00,115.467,115.467,115.467,115.467,0.0
2026-08-23 00:00:00,115.467,115.467,115.467,115.467,0.0
2026-08-23 01:00:00,115.467,115.467,115.467,115.467,0.0
2026-08-23 02:00:00,115.467,115.467,115.467,115.467,0.0
2026-08-23 03:00:00,115.467,115.467,115.467,115.467,0.0
2026-08-23 04:00:00,115.467,115.467,115.467,115.467,0.0
2026-08-23 05:00:00,115.467,115.467,115.467,115.467,0.0
2026-08-23 06:00:00,115.467,115.467,115.467,115.467,0.0
2026-08-23 07:00:00,115.467,115.467,115.467,115.467,0.0
2026-08-23 08:00:00,115.467,115.467,115.467,115.467,0.0
2026-08-23 09:00:00,115.467,115.467,115.467,115.467,0.0
2026-08-23 10:00:00,115.467,115.467,115.467,115.467,0.0
2026-08-23 11:00:00,115.467,115.467,115.467,115.467,0.0
2026-08-23 12:00:00,115.467,115.467,115.467,115.467,0.0
2026-08-23 13:00:00,115.467,115.467,115.467,115.467,0.0
2026-08-23 14:00:00,115.467,115.467,115.467,115.467,0.0
2026-08-23 15:00:00,115.467,115.467,115.467,115.467,0.0
2026-08-23 16:00:00,115.467,115.467,115.467,115.467,0.0
2026-08-23 17:00:00,115.467,115.467,115.467,115.467,0.0
2026-08-23 18:00:00,115.467,115.467,115.467,115.467,0.0
2026-08-23 19:00:00,115.467,115.467,115.467,115.467,0.0
2026-08-23 20:00:00,115.467,115.467,115.467,115.467,0.0
2026-08-23 21:00:00,115.062,115.152,114.705,115.024,1350.719970703125
2026-08-23 22:00:00,115.073,115.268,115.025,115.236,3306.989990234375
2026-08-23 23:00:00,115.237,115.251,115.184,115.187,4741.35009765625
2026-08-24 00:00:00,115.19,115.233,115.109,115.124,17263.94921875
2026-08-24 01:00:00,115.124,115.205,115.104,115.158,13296.4501953125
2026-08-24 02:00:00,115.157,115.216,115.128,115.193,10607.7001953125
2026-08-24 03:00:00,115.193,115.255,115.193,115.24,8068.2001953125
2026-08-24 04:00:00,115.238,115.243,115.128,115.157,13378.080078125
2026-08-24 05:00:00,115.157,115.204,115.152,115.167,10701.75
2026-08-24 06:00:00,115.168,115.173,115.008,115.072,16416.66015625
2026-08-24 07:00:00,115.071,115.101,114.999,115.028,18395.970703125
2026-08-24 08:00:00,115.028,115.086,114.987,115.003,15312.0302734375
2026-08-24 09:00:00,115.002,115.105,114.993,115.088,10587.08984375
2026-08-24 10:00:00,115.088,115.105,115.003,115.031,12152.400390625
2026-08-24 11:00:00,115.032,115.057,114.861,114.884,15440.6396484375
2026-08-24 12:00:00,114.884,114.964,114.818,114.956,16601.439453125
2026-08-24 13:00:00,114.957,115.123,114.951,115.067,17731.630859375
2026-08-24 14:00:00,115.067,115.106,114.974,115.031,17736.029296875
2026-08-24 15:00:00,115.032,115.074,114.972,115.001,16511.310546875
2026-08-24 16:00:00,115.002,115.006,114.87,114.871,13846.4404296875
2026-08-24 17:00:00,114.87,114.881,114.806,114.858,12278.0703125
2026-08-24 18:00:00,114.856,114.942,114.852,114.933,8982.26953125
2026-08-24 19:00:00,114.934,114.978,114.923,114.957,7020.4501953125
2026-08-24 20:00:00,114.958,114.968,114.891,114.896,5201.60986328125
2026-08-24 21:00:00,114.883,114.914,114.808,114.846,1127.760009765625
2026-08-24 22:00:00,114.87,114.958,114.84,114.928,1914.68994140625
2026-08-24 23:00:00,114.929,114.976,114.904,114.971,3165.3701171875
2026-08-25 00:00:00,114.97,114.982,114.915,114.972,17648.400390625
2026-08-25 01:00:00,114.972,115.0,114.916,114.968,11321.2802734375
2026-08-25 02:00:00,114.969,115.068,114.959,115.05,9864.900390625
2026-08-25 03:00:00,115.051,115.06,115.002,115.01,9478.0498046875
2026-08-25 04:00:00,115.009,115.014,114.877,114.94,8828.400390625
2026-08-25 05:00:00,114.94,114.988,114.926,114.955,9248.1298828125
2026-08-25 06:00:00,114.955,114.994,114.905,114.971,11853.75
2026-08-25 07:00:00,114.969,115.036,114.957,115.035,13713.5703125
2026-08-25 08:00:00,115.035,115.073,114.948,114.963,13331.33984375
2026-08-25 09:00:00,114.963,114.987,114.921,114.967,12224.6396484375
2026-08-25 10:00:00,114.965,114.977,114.897,114.932,11606.7001953125
2026-08-25 11:00:00,114.933,114.988,114.892,114.894,12934.3798828125
2026-08-25 12:00:00,114.895,115.005,114.856,115.001,12390.330078125
2026-08-25 13:00:00,115.001,115.091,114.94,115.084,16792.529296875
2026-08-25 14:00:00,115.085,115.164,115.082,115.108,15346.2001953125
2026-08-25 15:00:00,115.11,115.117,115.039,115.084,12934.5
2026-08-25 16:00:00,115.084,115.114,115.067,115.093,8534.990234375
2026-08-25 17:00:00,115.094,115.144,115.087,115.094,6775.7998046875
2026-08-25 18:00:00,115.095,115.145,115.091,115.135,6702.75
2026-08-25 19:00:00,115.133,115.155,115.035,115.07,10426.76953125
2026-08-25 20:00:00,115.069,115.088,114.97,114.986,6451.2099609375
2026-08-25 21:00:00,114.984,115.048,114.972,115.032,3435.2099609375
2026-08-25 22:00:00,115.026,115.08,115.023,115.074,2787.75
2026-08-25 23:00:00,115.073,115.095,115.06,115.062,2779.02001953125
2026-08-26 00:00:00,115.063,115.088,114.941,114.981,11551.7998046875
2026-08-26 01:00:00,114.982,114.984,114.83,114.877,12631.259765625
2026-08-26 02:00:00,114.876,114.877,114.724,114.785,13029.3896484375
2026-08-26 03:00:00,114.784,114.784,114.653,114.695,7534.9501953125
2026-08-26 04:00:00,114.697,114.73,114.673,114.702,7338.60009765625
2026-08-26 05:00:00,114.703,114.721,114.679,114.714,6885.0
2026-08-26 06:00:00,114.713,114.797,114.697,114.736,8169.8701171875
2026-08-26 07:00:00,114.738,114.746,114.656,114.701,10699.650390625
2026-08-26 08:00:00,114.701,114.718,114.65,114.676,10310.6796875
2026-08-26 09:00:00,114.675,114.702,114.62,114.653,7585.669921875
2026-08-26 10:00:00,114.655,114.737,114.649,114.711,5903.39990234375
2026-08-26 11:00:00,114.712,114.776,114.683,114.759,8152.22998046875
2026-08-26 12:00:00,114.76,114.841,114.681,114.788,16845.2109375
2026-08-26 13:00:00,114.789,114.937,114.778,114.925,18100.140625
2026-08-26 14:00:00,114.925,114.934,114.724,114.753,16586.279296875
2026-08-26 15:00:00,114.753,114.844,114.735,114.844,11359.830078125
2026-08-26 16:00:00,114.844,114.89,114.822,114.873,9196.0498046875
2026-08-26 17:00:00,114.873,114.907,114.852,114.881,7101.68994140625
2026-08-26 18:00:00,114.882,114.905,114.851,114.855,6069.2998046875
2026-08-26 19:00:00,114.857,114.866,114.819,114.825,6800.7001953125
2026-08-26 20:00:00,114.825,114.832,114.785,114.785,4830.2998046875
2026-08-26 21:00:00,114.754,114.799,114.697,114.777,2359.800048828125
2026-08-26 22:00:00,114.778,114.814,114.773,114.784,2312.85009765625
2026-08-26 23:00:00,114.784,114.795,114.748,114.784,3600.449951171875
2026-08-27 00:00:00,114.784,114.784,114.654,114.746,21639.150390625
2026-08-27 01:00:00,114.747,114.78,114.683,114.752,13948.7998046875
2026-08-27 02:00:00,114.753,114.842,114.752,114.782,10198.7998046875
2026-08-27 03:00:00,114.783,114.809,114.772,114.778,7611.14990234375
2026-08-27 04:00:00,114.78,114.823,114.759,114.806,6896.10009765625
2026-08-27 05:00:00,114.806,114.82,114.755,114.786,9372.900390625
2026-08-27 06:00:00,114.785,114.795,114.749,114.755,12631.5
2026-08-27 07:00:00,114.754,114.801,114.707,114.792,14060.400390625
2026-08-27 08:00:00,114.792,114.811,114.75,114.783,15988.2001953125
2026-08-27 09:00:00,114.783,114.883,114.779,114.87,16784.669921875
2026-08-27 10:00:00,114.871,114.905,114.841,114.857,12859.2001953125
2026-08-27 11:00:00,114.856,114.981,114.851,114.945,14746.0498046875
2026-08-27 12:00:00,114.946,114.976,114.864,114.921,18137.609375
2026-08-27 13:00:00,114.922,115.058,114.91,114.98,17735.33984375
2026-08-27 14:00:00,114.979,115.03,114.908,114.956,16999.109375
2026-08-27 15:00:00,114.955,114.966,114.894,114.953,11155.23046875
2026-08-27 16:00:00,114.954,114.992,114.913,114.966,8951.099609375
2026-08-27 17:00:00,114.967,115.057,114.947,115.052,9117.900390625
2026-08-27 18:00:00,115.053,115.099,115.023,115.059,7123.9501953125
2026-08-27 19:00:00,115.057,115.088,115.029,115.078,7557.0
2026-08-27 20:00:00,115.077,115.091,115.02,115.041,4173.2998046875
2026-08-27 21:00:00,115.032,115.05,114.971,115.025,1515.81005859375
2026-08-27 22:00:00,115.027,115.063,115.021,115.047,1882.949951171875
2026-08-27 23:00:00,115.047,115.057,115.012,115.014,2282.39990234375
2026-08-28 00:00:00,115.015,115.074,115.01,115.072,7408.9501953125
2026-08-28 01:00:00,115.071,115.08,115.018,115.077,8990.25
2026-08-28 02:00:00,115.077,115.137,115.064,115.128,8719.650390625
2026-08-28 03:00:00,115.129,115.145,115.107,115.117,7285.9501953125
2026-08-28 04:00:00,115.118,115.148,115.117,115.14,3918.0
2026-08-28 05:00:00,115.139,115.184,115.138,115.166,6999.89990234375
2026-08-28 06:00:00,115.166,115.191,115.11,115.114,11572.8896484375
2026-08-28 07:00:00,115.114,115.148,115.082,115.135,11453.5498046875
2026-08-28 08:00:00,115.137,115.189,115.125,115.17,10116.0302734375
2026-08-28 09:00:00,115.17,115.24,115.163,115.23,11424.83984375
2026-08-28 10:00:00,115.231,115.325,115.209,115.302,10080.48046875
2026-08-28 11:00:00,115.303,115.315,115.258,115.262,8851.349609375
2026-08-28 12:00:00,115.262,115.271,115.157,115.187,12207.1796875
2026-08-28 13:00:00,115.187,115.277,115.156,115.193,14534.849609375
2026-08-28 14:00:00,115.189,115.209,115.054,115.167,32683.310546875
2026-08-28 15:00:00,115.168,115.192,115.1,115.12,20446.5
2026-08-28 16:00:00,115.118,115.255,115.096,115.233,14859.3896484375
2026-08-28 17:00:00,115.233,115.233,115.182,115.193,9003.75
2026-08-28 18:00:00,115.193,115.194,115.142,115.149,9416.7001953125
2026-08-28 19:00:00,115.149,115.187,115.12,115.143,8932.9501953125
2026-08-28 20:00:00,115.143,115.153,115.04,115.04,5915.97021484375
2026-08-28 21:00:00,115.04,115.04,115.04,115.04,0.0
2026-08-28 22:00:00,115.04,115.04,115.04,115.04,0.0
2026-08-28 23:00:00,115.04,115.04,115.04,115.04,0.0
2026-08-29 00:00:00,115.04,115.04,115.04,115.04,0.0
2026-08-29 01:00:00,115.04,115.04,115.04,115.04,0.0
2026-08-29 02:00:00,115.04,115.04,115.04,115.04,0.0
2026-08-29 03:00:00,115.04,115.04,115.04,115.04,0.0
2026-08-29 04:00:00,115.04,115.04,115.04,115.04,0.0
2026-08-29 05:00:00,115.04,115.04,115.04,115.04,0.0
2026-08-29 06:00:00,115.04,115.04,115.04,115.04,0.0
2026-08-29 07:00:00,115.04,115.04,115.04,115.04,0.0
2026-08-29 08:00:00,115.04,115.04,115.04,115.04,0.0
2026-08-29 09:00:00,115.04,115.04,115.04,115.04,0.0
2026-08-29 10:00:00,115.04,115.04,115.04,115.04,0.0
2026-08-29 11:00:00,115.04,115.04,115.04,115.04,0.0
2026-08-29 12:00:00,115.04,115.04,115.04,115.04,0.0
2026-08-29 13:00:00,115.04,115.04,115.04,115.04,0.0
2026-08-29 14:00:00,115.04,115.04,115.04,115.04,0.0
2026-08-29 15:00:00,115.04,115.04,115.04,115.04,0.0
2026-08-29 16:00:00,115.04,115.04,115.04,115.04,0.0
2026-08-29 17:00:00,115.04,115.04,115.04,115.04,0.0
2026-08-29 18:00:00,115.04,115.04,115.04,115.04,0.0
2026-08-29 19:00:00,115.04,115.04,115.04,115.04,0.0
2026-08-29 20:00:00,115.04,115.04,115.04,115.04,0.0
2026-08-29 21:00:00,115.04,115.04,115.04,115.04,0.0
2026-08-29 22:00:00,115.04,115.04,115.04,115.04,0.0
2026-08-29 23:00:00,115.04,115.04,115.04,115.04,0.0
2026-08-30 00:00:00,115.04,115.04,115.04,115.04,0.0
2026-08-30 01:00:00,115.04,115.04,115.04,115.04,0.0
2026-08-30 02:00:00,115.04,115.04,115.04,115.04,0.0
2026-08-30 03:00:00,115.04,115.04,115.04,115.04,0.0
2026-08-30 04:00:00,115.04,115.04,115.04,115.04,0.0
2026-08-30 05:00:00,115.04,115.04,115.04,115.04,0.0
2026-08-30 06:00:00,115.04,115.04,115.04,115.04,0.0
2026-08-30 07:00:00,115.04,115.04,115.04,115.04,0.0
2026-08-30 08:00:00,115.04,115.04,115.04,115.04,0.0
2026-08-30 09:00:00,115.04,115.04,115.04,115.04,0.0
2026-08-30 10:00:00,115.04,115.04,115.04,115.04,0.0
2026-08-30 11:00:00,115.04,115.04,115.04,115.04,0.0
2026-08-30 12:00:00,115.04,115.04,115.04,115.04,0.0
2026-08-30 13:00:00,115.04,115.04,115.04,115.04,0.0
2026-08-30 14:00:00,115.04,115.04,115.04,115.04,0.0
2026-08-30 15:00:00,115.04,115.04,115.04,115.04,0.0
2026-08-30 16:00:00,115.04,115.04,115.04,115.04,0.0
2026-08-30 17:00:00,115.04,115.04,115.04,115.04,0.0
2026-08-30 18:00:00,115.04,115.04,115.04,115.04,0.0
2026-08-30 19:00:00,115.04,115.04,115.04,115.04,0.0
2026-08-30 20:00:00,115.04,115.04,115.04,115.04,0.0
2026-08-30 21:00:00,114.974,115.096,114.957,115.096,397.79998779296875
2026-08-30 22:00:00,115.101,115.183,115.101,115.152,2153.550048828125
2026-08-30 23:00:00,115.151,115.236,115.151,115.19,4538.64013671875
2026-08-31 00:00:00,115.19,115.19,115.08,115.089,14731.1201171875
2026-08-31 01:00:00,115.089,115.109,114.974,115.052,17172.30078125
2026-08-31 02:00:00,115.052,115.067,114.998,115.022,12541.2001953125
2026-08-31 03:00:00,115.022,115.068,115.005,115.044,8474.51953125
2026-08-31 04:00:00,115.044,115.058,115.011,115.04,10163.6103515625
2026-08-31 05:00:00,115.039,115.056,114.986,115.034,8132.5498046875
2026-08-31 06:00:00,115.035,115.071,114.986,114.986,10791.240234375
2026-08-31 07:00:00,114.985,114.996,114.823,114.861,15454.2998046875
2026-08-31 08:00:00,114.863,114.934,114.789,114.931,13842.8701171875
2026-08-31 09:00:00,114.931,114.991,114.914,114.984,9999.669921875
2026-08-31 10:00:00,114.985,115.045,114.95,114.951,8911.7998046875
2026-08-31 11:00:00,114.952,115.016,114.925,115.002,9186.599609375
2026-08-31 12:00:00,115.001,115.184,114.989,115.184,12253.8896484375
2026-08-31 13:00:00,115.184,115.214,115.125,115.179,16270.9501953125
2026-08-31 14:00:00,115.178,115.271,115.089,115.202,17634.359375
2026-08-31 15:00:00,115.201,115.26,115.181,115.237,11940.7802734375
2026-08-31 16:00:00,115.236,115.24,115.194,115.209,8206.0498046875
2026-08-31 17:00:00,115.209,115.266,115.199,115.244,6246.60009765625
2026-08-31 18:00:00,115.245,115.343,115.221,115.332,8899.349609375
2026-08-31 19:00:00,115.332,115.336,115.25,115.266,8897.849609375
2026-08-31 20:00:00,115.266,115.335,115.251,115.289,3930.0
2026-08-31 21:00:00,115.216,115.3,115.2,115.27,1398.9000244140625
2026-08-31 22:00:00,115.264,115.322,115.259,115.318,1878.5999755859375
2026-08-31 23:00:00,115.318,115.356,115.3,115.322,4935.4501953125
