family,symbol,data_end,n_post_freeze,2021-10_pct,2021-10_n,2021-11_pct,2021-11_n,2021-12_pct,2021-12_n,2022-01_pct,2022-01_n,2022-02_pct,2022-02_n,2022-03_pct,2022-03_n,2022-04_pct,2022-04_n,2022-05_pct,2022-05_n,2022-06_pct,2022-06_n,2022-07_pct,2022-07_n,2022-08_pct,2022-08_n,2022-09_pct,2022-09_n,2022-10_pct,2022-10_n,2022-11_pct,2022-11_n,2022-12_pct,2022-12_n,2023-01_pct,2023-01_n,2023-02_pct,2023-02_n,2023-03_pct,2023-03_n,2023-04_pct,2023-04_n,2023-05_pct,2023-05_n,2023-06_pct,2023-06_n,2023-07_pct,2023-07_n,2023-08_pct,2023-08_n,2023-09_pct,2023-09_n,2023-10_pct,2023-10_n,2023-11_pct,2023-11_n,2023-12_pct,2023-12_n,2024-01_pct,2024-01_n,2024-02_pct,2024-02_n,2024-03_pct,2024-03_n,2024-04_pct,2024-04_n,2024-05_pct,2024-05_n,2024-06_pct,2024-06_n,2024-07_pct,2024-07_n,2024-08_pct,2024-08_n,2024-09_pct,2024-09_n,2024-10_pct,2024-10_n,2024-11_pct,2024-11_n,2024-12_pct,2024-12_n,2025-01_pct,2025-01_n,2025-02_pct,2025-02_n,2025-03_pct,2025-03_n,2025-04_pct,2025-04_n,2025-05_pct,2025-05_n,2025-06_pct,2025-06_n,2025-07_pct,2025-07_n,2025-08_pct,2025-08_n,2025-09_pct,2025-09_n,2025-10_pct,2025-10_n,2025-11_pct,2025-11_n,2025-12_pct,2025-12_n,2026-01_pct,2026-01_n,2026-02_pct,2026-02_n,2026-03_pct,2026-03_n,2026-04_pct,2026-04_n,2026-05_pct,2026-05_n,2026-06_pct,2026-06_n,2026-07_pct,2026-07_n,2026-08_pct,2026-08_n,2026-09_pct,2026-09_n,12m_pct,12m_mean_bps
Mon,EURJPY,2026-09-07,6.0,0.93,4,0.026,5,0.834,4,-0.146,5,-1.401,4,2.29,4,-1.207,4,1.584,5,0.141,4,0.87,4,-1.378,5,1.289,4,2.241,5,0.854,4,2.736,4,1.553,5,1.393,4,0.124,4,1.271,4,0.599,5,-0.463,4,0.071,5,1.571,4,0.199,4,-0.035,5,-0.906,4,1.254,4,-0.623,5,-0.082,4,0.535,4,-0.798,5,1.341,4,0.495,4,-0.44,5,-0.661,4,0.4,5,0.119,4,0.164,4,-0.035,5,0.696,4,0.282,4,0.534,5,0.01,3,-0.152,4,1.02,5,-0.322,4,-0.802,4,0.082,5,0.097,4,0.76,4,-0.525,5,0.205,4,-0.051,4,-0.084,5,0.898,4,0.486,4,0.192,5,0.28,4,0.48,5,-1.395,1,1.42,2.77
Mon,GBPJPY,2026-09-07,6.0,0.993,4,0.263,5,0.892,4,-0.599,5,-0.801,4,0.807,4,-0.41,4,0.354,5,0.009,4,1.539,4,-0.887,5,2.156,4,2.807,5,0.973,4,1.869,4,1.03,5,2.662,4,0.317,4,1.642,4,0.923,5,-1.509,4,-0.054,5,1.934,4,0.109,4,0.103,5,-0.478,4,0.558,4,-0.049,5,-0.55,4,0.537,4,-0.708,5,1.83,4,0.47,4,-0.172,5,-0.1,4,1.468,5,-0.058,4,0.102,4,0.597,5,0.804,4,0.691,4,0.671,5,0.484,3,0.564,4,-0.323,5,0.281,4,-0.033,4,0.022,5,0.71,4,1.156,4,-0.556,5,0.956,4,0.269,4,0.637,5,1.118,4,1.12,4,0.895,5,0.236,4,0.309,5,-1.314,1,5.59,10.56
Mon,USDJPY,2026-09-07,6.0,1.037,4,0.393,5,0.897,4,0.126,5,-0.999,4,2.35,4,0.678,4,-0.332,5,0.759,4,1.359,4,-0.659,5,0.878,4,1.441,5,1.085,4,2.867,4,1.436,5,0.969,4,-1.716,4,0.616,4,1.238,5,-0.614,4,0.394,5,1.432,4,0.057,4,-0.898,5,-1.377,4,1.558,4,-0.279,5,0.333,4,0.33,4,-0.338,5,1.035,4,-0.634,4,-0.197,5,-0.449,4,1.045,5,0.537,4,0.438,4,0.971,5,-1.423,4,-0.228,4,0.042,5,0.071,3,0.601,4,-1.375,5,1.006,4,0.74,4,-1.696,5,0.355,4,0.906,4,-1.132,5,-0.526,4,0.142,4,-0.911,5,-0.672,4,0.394,4,0.379,5,0.751,4,0.66,5,-1.525,1,-2.2,-4.21
Mon,AUDJPY,2026-09-07,6.0,2.229,4,0.872,5,0.88,4,-0.277,5,0.755,4,-0.317,4,-0.283,4,-0.594,5,-0.634,4,1.332,4,0.186,5,1.046,4,2.365,5,-0.55,4,0.726,4,1.31,5,1.946,4,-0.547,4,2.278,4,2.591,5,-0.678,4,0.98,5,1.437,4,0.363,4,-0.109,5,-0.396,4,0.411,4,-0.941,5,-0.482,4,0.184,4,-0.364,5,1.437,4,0.668,4,-1.531,5,0.737,4,2.003,5,-1.52,4,-0.326,4,0.97,5,0.36,4,0.614,4,-0.336,5,1.282,3,0.465,4,1.076,5,-0.726,4,0.428,4,0.07,5,1.494,4,0.691,4,-1.175,5,0.554,4,0.363,4,1.808,5,2.068,4,0.611,4,-0.325,5,0.88,4,0.04,5,-1.336,1,5.68,10.74
Mon,NZDJPY,2026-09-07,6.0,1.92,4,0.541,5,-0.13,4,-0.766,5,0.116,4,-0.225,4,0.59,4,-0.497,5,-0.764,4,0.148,4,-0.263,5,-0.119,4,3.451,5,-0.306,4,2.276,4,1.343,5,1.708,4,-1.181,4,1.804,4,2.611,5,-0.731,4,1.293,5,1.329,4,0.661,4,-0.062,5,-1.05,4,0.732,4,-1.247,5,-0.376,4,0.152,4,-0.412,5,1.124,4,0.562,4,-2.215,5,0.703,4,0.995,5,-0.805,4,-0.195,4,1.193,5,0.881,4,0.102,4,0.134,5,0.877,3,0.499,4,1.534,5,-0.849,4,0.207,4,-0.046,5,0.918,4,0.444,4,-1.305,5,1.406,4,-0.211,4,1.223,5,2.374,4,0.494,4,-1.045,5,0.546,4,0.135,5,-1.544,1,2.97,5.75
Mon,CADJPY,2026-09-07,6.0,1.35,4,0.242,5,0.61,4,-0.716,5,0.292,4,0.853,4,0.502,4,-0.026,5,0.388,4,2.022,4,-1.458,5,0.441,4,2.948,5,-0.42,4,2.451,4,0.924,5,1.136,4,-0.803,4,1.016,4,1.942,5,-0.96,4,1.423,5,1.229,4,0.796,4,-0.508,5,-1.583,4,1.243,4,-0.432,5,-0.319,4,0.489,4,-0.487,5,1.413,4,-0.279,4,-1.409,5,0.586,4,1.022,5,-0.149,4,-0.274,4,0.729,5,0.701,4,1.318,4,-0.676,5,0.19,3,0.215,4,-0.569,5,0.503,4,0.508,4,-1.201,5,0.077,4,0.417,4,-1.321,5,-0.364,4,0.126,4,-1.067,5,1.07,4,0.314,4,-0.291,5,0.141,4,0.504,5,-1.305,1,-2.42,-4.63
Mon,CHFJPY,2026-09-07,6.0,1.222,4,0.379,5,0.344,4,-1.119,5,0.831,4,1.01,4,0.414,4,-0.072,5,-0.563,4,0.268,4,-0.898,5,1.016,4,0.37,5,1.705,4,2.641,4,1.342,5,2.066,4,-0.243,4,0.886,4,1.707,5,-0.906,4,0.297,5,2.0,4,-0.359,4,-0.153,5,-0.905,4,1.886,4,-0.038,5,-0.394,4,-0.505,4,-0.506,5,0.807,4,0.445,4,-1.018,5,0.475,4,0.632,5,0.873,4,1.146,4,-0.597,5,0.381,4,0.14,4,0.421,5,0.282,3,-0.157,4,0.468,5,-0.085,4,-0.77,4,-0.056,5,0.736,4,0.463,4,-1.069,5,0.376,4,0.132,4,-1.337,5,1.714,4,0.204,4,-0.271,5,-0.67,4,0.187,5,-1.398,1,-1.21,-2.26
Mon,NAS100,2026-08-31,5.0,1.338,4,-1.991,5,2.486,4,6.222,4,1.681,3,-2.693,4,2.749,4,2.054,4,-4.121,3,-2.525,3,-1.434,5,-0.289,3,8.08,5,1.833,4,1.201,3,-0.428,3,-0.359,3,2.478,4,1.613,4,-0.393,4,0.814,3,0.21,5,2.159,4,-0.357,3,2.525,5,2.643,4,0.925,3,2.004,3,-2.329,3,-0.952,4,-3.357,5,0.983,3,0.593,4,1.027,5,4.225,4,2.088,4,-0.393,4,-0.554,4,2.058,5,2.935,3,-1.143,3,-4.733,5,5.597,4,0.302,3,3.319,5,1.512,4,1.095,4,1.486,4,0.956,4,-1.53,4,-1.287,5,1.448,3,1.691,3,1.645,5,1.346,4,-1.09,3,-1.251,5,-1.974,4,-0.291,5,,0,0.83,2.36
Mon,US500,2026-08-31,5.0,-0.114,4,-0.643,5,1.722,4,2.968,4,-0.08,3,-1.85,4,0.504,4,1.018,4,-3.132,3,-1.736,3,-1.716,5,-0.479,3,6.209,5,0.752,4,0.654,3,-0.771,3,-0.085,3,2.525,4,1.65,4,-0.792,4,0.489,3,0.561,5,1.447,4,-0.203,3,2.139,5,1.51,4,0.68,3,1.471,3,-1.757,3,-0.21,4,-2.086,5,0.423,3,0.592,4,0.407,5,1.592,4,2.328,4,-0.488,4,-0.196,4,0.022,5,2.407,3,-0.297,3,-1.99,5,3.255,4,0.544,3,2.23,5,0.273,4,0.673,4,0.767,4,1.223,4,-1.217,4,-1.194,5,1.241,3,0.797,3,1.188,5,1.432,4,-0.476,3,-0.711,5,-1.043,4,-0.09,5,,0,1.82,4.02
Mon,GER40,2026-09-07,6.0,-0.346,4,-2.638,5,3.906,4,-2.223,5,-4.511,4,1.292,4,-0.273,3,-1.718,5,1.095,4,-1.171,4,-2.184,5,4.004,4,7.389,5,0.458,4,-1.08,3,1.977,5,-0.35,4,0.524,4,-0.072,3,-1.619,4,-1.033,4,0.36,5,1.679,4,-3.403,4,-1.351,5,-0.977,4,0.216,3,0.071,4,0.325,4,0.493,4,1.674,4,1.351,4,1.27,4,-0.408,5,0.508,4,1.896,5,-0.226,4,-2.241,4,0.505,5,2.491,4,1.736,4,-0.653,5,8.36,3,1.991,4,1.065,5,0.003,4,0.963,4,-0.782,5,-0.075,4,-3.46,4,-1.02,5,1.114,4,1.158,4,6.849,5,1.542,3,0.563,4,-0.054,5,0.355,4,-0.344,5,-0.577,1,5.16,10.55
Mon,JP225,2026-09-07,6.0,-0.461,4,0.569,5,0.082,4,2.871,3,-0.181,4,-2.806,3,1.013,4,-2.389,5,-1.724,4,0.25,3,0.655,5,-0.292,3,5.044,4,-0.764,4,1.793,4,1.465,3,0.998,4,-1.142,4,1.072,4,2.34,5,-0.522,4,0.621,4,3.106,4,0.509,3,-1.331,4,-0.903,4,-0.047,4,2.599,3,-0.643,3,-2.328,4,-1.066,4,1.59,3,1.873,4,-0.626,4,-9.364,3,-1.51,3,1.27,3,0.595,3,0.878,5,-1.583,3,1.307,3,-1.401,5,-4.778,4,2.343,3,1.971,5,-2.112,3,0.949,3,1.256,4,7.24,3,0.294,2,-2.523,5,1.709,3,1.755,3,-2.839,5,3.184,4,1.265,3,4.504,5,-3.826,3,0.778,5,0.331,1,12.43,27.66
Mon,UK100,2026-09-07,5.0,0.165,4,1.899,5,-0.412,3,-2.451,4,-1.897,4,0.343,4,-2.38,3,-0.031,4,1.483,4,2.059,4,-0.136,4,1.658,3,1.764,5,-0.008,4,0.017,3,0.811,4,0.675,4,-1.163,4,0.494,3,0.4,2,-0.965,4,-0.143,5,-0.539,3,-1.599,4,-0.985,5,0.25,4,0.036,3,-0.181,4,-0.248,4,-0.814,4,1.58,4,-0.257,2,-0.044,4,-0.535,5,-1.111,3,0.145,5,0.555,4,1.512,4,0.039,5,0.052,4,-0.036,4,-0.852,5,-2.434,3,0.677,2,-0.585,5,0.094,4,1.121,3,0.244,5,0.486,4,0.464,4,0.079,5,0.196,4,1.399,4,0.145,5,-1.398,3,1.556,2,-0.736,5,-0.709,4,-0.524,4,-0.12,1,0.88,1.97
Mon,FR40,2026-09-07,6.0,-1.518,4,-2.641,5,4.596,4,-1.799,5,-5.038,4,1.219,4,-0.333,3,-1.382,5,-0.113,4,0.156,4,-1.633,5,4.081,4,7.551,5,0.513,4,-1.321,3,1.859,5,0.001,4,0.156,4,-0.239,3,-2.109,4,-1.223,4,0.989,5,1.534,4,-3.583,4,-0.757,5,-2.105,4,-0.005,3,-0.469,4,0.577,4,0.617,4,-2.118,4,1.022,4,1.518,4,-4.423,5,1.728,4,1.247,5,-1.354,4,-2.484,4,0.006,5,3.082,4,0.749,4,-1.47,5,3.629,3,0.854,4,0.763,5,-0.87,4,-2.625,4,0.813,5,-2.403,4,-3.264,4,-0.118,5,-1.203,4,1.715,4,5.413,5,0.506,3,-1.012,4,-1.272,5,-0.171,4,-0.369,5,-0.096,1,-2.26,-4.03
Hold,US500,2026-09-11,31.0,6.862,21,-0.883,21,4.308,22,-5.306,20,-3.184,19,3.525,23,-8.841,20,-0.044,21,-8.438,21,9.058,20,-4.292,23,-9.385,21,7.934,21,5.322,21,-5.944,21,6.122,20,-2.659,19,3.453,23,1.414,19,0.198,22,6.42,21,3.062,20,-1.821,23,-4.919,20,-2.247,22,8.864,21,4.371,20,1.538,21,5.12,20,3.051,20,-4.21,22,4.75,22,3.415,19,1.082,22,2.232,22,1.968,20,-1.04,23,5.677,20,-2.548,21,2.65,20,-1.474,19,-5.802,21,-0.812,21,6.1,21,4.908,20,2.116,22,1.855,21,3.48,21,2.218,23,0.08,19,-0.103,22,1.316,20,-0.916,19,-5.141,22,10.369,21,5.095,20,-1.114,21,-0.179,22,2.572,21,-0.43,8,15.6,6.13
Hold,NAS100,2026-09-11,31.0,7.213,21,0.204,21,0.639,22,-9.026,20,-3.478,19,3.359,23,-13.305,20,-2.101,21,-8.759,21,12.293,20,-4.684,23,-10.544,21,3.85,21,4.314,21,-8.779,21,10.627,20,-1.162,19,6.636,23,-0.012,19,5.744,22,6.539,21,3.996,20,-2.217,23,-5.859,20,-2.833,22,10.645,21,5.466,20,0.966,21,6.067,20,1.737,20,-4.454,22,6.826,22,5.908,19,-0.8,22,0.597,22,2.632,20,-0.567,23,6.154,20,0.432,21,1.589,20,-4.023,19,-8.26,21,0.8,21,9.504,21,6.518,20,3.643,22,1.525,21,5.56,21,4.648,23,-1.563,19,-0.579,22,0.895,20,-3.431,19,-4.801,22,15.235,21,8.304,20,-2.862,21,-3.253,22,3.879,21,-0.194,8,18.22,7.38
Hold,GER40,2026-09-11,32.0,2.753,21,-3.8,22,5.146,21,-2.652,21,-6.576,20,-0.372,23,-2.247,19,2.009,22,-11.197,22,5.425,21,-4.861,23,-5.662,22,9.351,21,8.572,22,-3.337,21,8.598,22,1.515,20,1.665,23,1.827,18,-1.672,22,3.038,22,1.8,21,-3.088,23,-3.563,21,-3.794,22,9.433,22,3.256,19,0.858,22,4.529,21,4.554,20,-3.079,21,3.103,22,-1.468,20,1.448,23,2.1,22,2.16,21,-1.33,23,2.826,21,1.39,18,9.102,22,3.718,20,-1.768,21,1.455,20,6.618,21,-0.416,21,0.601,23,-0.729,21,-0.14,22,0.275,23,-0.557,20,2.69,19,0.148,21,2.987,20,-10.346,22,7.057,20,3.292,20,-0.484,22,2.483,23,2.403,21,-2.675,9,7.25,3.28
Hold,JP225,2026-09-11,31.0,-1.951,21,-3.753,20,3.435,22,-6.262,19,-1.809,18,4.829,22,-3.548,20,1.558,19,-3.299,22,5.283,20,0.993,22,-7.716,20,6.31,20,1.332,20,-6.748,22,4.671,19,0.383,19,2.12,22,2.855,20,6.987,20,7.397,22,-0.1,20,-1.715,22,-2.384,20,-3.184,21,8.463,20,-0.118,21,8.38,19,7.881,19,3.022,20,-4.913,21,0.164,21,2.795,20,-1.265,22,-1.212,21,-1.933,19,3.013,22,-2.285,20,4.362,21,-0.858,19,-6.156,18,-4.186,20,1.151,21,5.274,20,6.59,21,1.387,22,3.962,20,5.13,20,16.585,22,-4.165,18,0.119,22,5.875,19,10.31,18,-13.275,21,16.045,21,11.827,18,5.575,22,-8.182,22,2.978,20,-3.518,9,42.13,16.2
Hold,XAUUSD,2026-09-11,31.0,1.527,21,-0.577,21,2.988,22,-1.828,20,5.763,19,2.572,23,-2.097,20,-3.538,21,-2.144,21,-2.333,20,-2.89,23,-2.992,21,-1.642,21,6.677,21,4.171,21,5.982,20,-5.261,19,7.607,23,1.021,19,-1.366,22,-2.228,21,2.52,20,-1.689,23,-4.696,20,7.364,22,2.613,21,1.142,20,-0.728,21,-0.182,20,8.34,20,3.286,22,1.324,22,0.157,19,4.192,22,2.722,22,5.653,20,3.826,23,-3.018,20,-1.096,21,6.919,21,0.814,19,10.028,21,5.782,21,-0.538,21,0.118,20,-0.086,23,5.429,21,10.514,21,3.63,23,5.876,19,2.493,22,8.922,20,10.903,19,-11.188,22,-0.756,21,-1.224,20,-11.833,21,0.602,22,9.379,21,-1.515,8,18.93,8.62
Hold,BTCUSD,2026-09-13,46.0,39.963,31,-7.081,30,-18.809,31,-16.935,31,12.184,28,5.379,31,-17.221,30,-15.745,31,-37.802,30,17.894,31,-14.129,31,-3.13,30,5.422,31,-16.276,30,-3.666,31,39.766,31,-0.014,28,22.971,31,2.724,30,-7.05,31,11.911,30,-4.14,31,-11.329,31,3.945,30,28.49,31,8.73,30,12.017,31,0.703,31,43.646,29,16.504,31,-15.039,30,11.246,31,-7.178,30,3.045,31,-8.788,31,7.338,30,10.815,31,37.293,30,-3.179,31,9.553,31,-17.65,28,-2.21,31,14.068,30,11.018,31,2.336,30,7.994,31,-6.545,31,5.324,30,-3.992,31,-17.532,30,-3.243,31,-10.201,31,-14.83,28,1.795,31,11.773,30,-3.618,31,-20.455,30,7.214,31,24.987,31,-2.227,13,-33.82,-8.62
TSMOM,XAUUSD,2026-09-11,31.0,-1.709,21,-0.05,21,-3.103,22,-1.828,20,-5.666,19,2.572,23,-2.097,20,-3.538,21,1.935,21,2.118,20,2.755,23,2.795,21,1.356,21,-6.568,21,-0.05,21,5.982,20,-5.261,19,-0.05,23,1.021,19,-1.366,22,-2.228,21,-0.05,20,-1.689,23,-0.05,20,-7.12,22,2.613,21,1.142,20,-0.728,21,-0.182,20,8.34,20,3.286,22,1.324,22,0.157,19,4.192,22,2.722,22,5.653,20,3.826,23,-3.018,20,-1.096,21,-0.05,21,0.814,19,10.028,21,5.782,21,-0.538,21,0.118,20,-0.086,23,-0.05,21,10.514,21,3.63,23,5.876,19,2.493,22,8.922,20,10.903,19,-11.188,22,-0.756,21,-0.05,20,-0.05,21,-1.078,22,-0.05,21,-0.05,8,24.4,10.08
TSMOM,US500,2026-09-11,31.0,6.862,21,-0.883,21,4.308,22,-5.306,20,-0.05,19,-3.958,23,-8.841,20,-0.829,21,8.323,21,-8.689,20,4.031,23,9.704,21,-8.043,21,-5.749,21,-0.05,21,-0.05,20,-0.05,19,-3.713,23,1.414,19,0.198,22,6.42,21,3.062,20,-1.821,23,-4.919,20,-0.05,22,-0.05,21,4.371,20,1.538,21,5.12,20,3.051,20,-4.21,22,4.75,22,3.415,19,1.082,22,2.232,22,1.968,20,-1.04,23,5.677,20,-2.548,21,2.65,20,-1.474,19,-0.05,21,-1.216,21,-6.067,21,-0.05,20,2.116,22,1.855,21,3.48,21,2.218,23,0.08,19,-0.103,22,1.316,20,-0.916,19,-5.141,22,-9.627,21,5.095,20,-1.114,21,-0.179,22,2.572,21,-0.43,8,-5.35,-1.87
TSMOM,NAS100,2026-09-11,31.0,-0.05,21,0.204,21,0.639,22,-9.026,20,2.735,19,-4.246,23,-0.05,20,0.583,21,8.253,21,-11.582,20,-0.05,23,10.916,21,-4.655,21,-5.317,21,9.031,21,-10.052,20,-0.05,19,-6.681,23,-0.012,19,5.744,22,6.539,21,3.996,20,-2.217,23,-5.859,20,-0.05,22,-0.05,21,5.466,20,0.966,21,6.067,20,1.737,20,-4.454,22,6.826,22,5.908,19,-0.8,22,0.597,22,2.632,20,-0.567,23,6.154,20,0.432,21,1.589,20,-4.023,19,-0.05,21,-3.696,21,-0.05,21,6.518,20,3.643,22,1.525,21,5.56,21,4.648,23,-1.563,19,-0.579,22,0.895,20,-3.431,19,-0.05,22,-13.558,21,8.304,20,-2.862,21,-3.253,22,3.879,21,-0.194,8,-6.89,-2.27
TSMOM,GER40,2026-09-11,32.0,-0.05,21,-3.8,22,-5.277,21,-2.652,21,6.348,20,-1.234,23,1.956,19,-2.449,22,11.927,22,-5.653,21,4.749,23,5.383,22,-8.922,21,-8.239,22,-3.337,21,-0.05,22,1.515,20,1.665,23,1.827,18,-1.672,22,3.038,22,1.8,21,-3.088,23,-3.563,21,3.675,22,-8.814,22,3.256,19,0.858,22,4.529,21,4.554,20,-3.079,21,3.103,22,-1.468,20,-0.05,23,2.1,22,2.16,21,-1.33,23,2.826,21,1.39,18,9.102,22,3.718,20,-1.768,21,1.455,20,6.618,21,-0.416,21,0.601,23,-0.729,21,-0.05,22,-0.05,23,-0.557,20,-2.77,19,0.148,21,2.987,20,-10.346,22,-7.12,20,3.292,20,-0.484,22,2.483,23,2.403,21,-2.675,9,-12.86,-5.0
TSMOM,BTCUSD,2026-09-13,46.0,-0.05,31,-7.081,30,-18.809,31,-16.935,31,-15.815,28,-8.201,31,-0.05,30,12.583,31,50.241,30,-18.073,31,13.754,31,-0.071,30,-6.035,31,13.127,30,3.034,31,-29.956,31,-0.05,28,22.971,31,2.724,30,-7.05,31,-0.05,30,-4.14,31,-0.05,31,-0.05,30,-0.05,31,8.73,30,12.017,31,0.703,31,43.646,29,16.504,31,-15.039,30,11.246,31,-7.178,30,-0.05,31,-8.788,31,-8.302,30,10.815,31,37.293,30,-3.179,31,9.553,31,-17.65,28,-0.05,31,-0.05,30,11.018,31,2.336,30,7.994,31,-6.545,31,5.324,30,-3.992,31,-0.05,30,2.048,31,9.538,31,11.473,28,-3.879,31,-11.618,30,3.069,31,23.505,30,-7.594,31,-21.398,31,-2.227,13,-9.25,-0.19
TSMOM,ETHUSD,2026-09-13,46.0,42.791,31,7.955,30,-20.527,31,-27.037,31,-0.05,28,-0.05,31,-16.844,30,29.324,31,61.862,30,-42.965,31,1.537,31,11.615,30,-17.68,31,8.447,30,6.34,31,-26.484,31,-0.05,28,13.404,31,2.962,30,-0.2,31,-0.05,30,-4.033,31,-0.05,31,-0.05,30,-0.05,31,-0.05,30,11.098,31,-0.001,31,46.34,29,9.101,31,-17.466,30,24.76,31,-8.745,30,-0.05,31,-22.256,31,-5.65,30,-0.05,31,-35.885,30,-10.115,31,-0.05,31,-32.185,28,13.98,31,-5.239,30,-34.586,31,-0.05,30,-34.865,31,18.692,31,-5.608,30,-7.253,31,-22.262,30,-2.117,31,16.773,31,14.943,28,-9.729,31,-0.05,30,-0.05,31,23.299,30,-17.175,31,-27.925,31,0.362,13,-43.24,-10.27
v4,EURUSD,2026-03-27,0.0,-0.365,9,-0.974,6,,0,-0.009,1,1.283,2,1.961,2,-1.495,3,2.135,12,1.182,9,-1.836,5,0.562,6,-1.158,3,,0,,0,,0,-0.916,9,,0,,0,,0,,0,,0,1.392,8,,0,-0.019,1,-1.051,2,-0.974,9,-1.204,5,,0,,0,,0,0.96,9,0.127,9,,0,,0,,0,,0,,0,,0,,0,-0.124,9,,0,-1.42,9,,0,,0,-1.433,11,0.022,7,1.62,4,,0,,0,,0,,0,0.074,2,1.129,1,-0.824,16,,0,,0,,0,,0,,0,,0,0.37,2.08
v4,GBPUSD,2026-03-27,0.0,,0,,0,,0,,0,0.009,1,-0.784,13,-0.972,3,-0.49,4,2.317,2,,0,-0.935,7,-1.972,10,,0,,0,2.448,4,,0,,0,,0,,0,,0,1.656,8,1.434,8,0.938,4,-2.309,11,0.37,7,-1.465,8,0.077,17,,0,,0,1.098,7,,0,,0,0.686,9,,0,0.179,4,-0.617,8,1.69,8,-0.737,11,,0,-0.45,13,,0,-0.757,9,-1.054,6,1.536,7,-0.595,5,,0,1.486,5,,0,,0,,0,,0,0.108,2,1.191,1,0.141,9,,0,,0,,0,,0,,0,,0,1.44,12.14
v4,USDJPY,2026-08-14,9.0,-1.021,16,,0,,0,0.986,5,,0,-2.221,9,-3.029,11,,0,1.987,6,,0,-0.122,9,-1.778,2,-1.416,4,,0,,0,1.131,9,,0,,0,,0,-0.815,16,0.652,7,1.968,6,,0,0.055,9,,0,,0,-1.775,4,0.498,9,,0,1.474,4,-0.966,9,1.42,2,-0.53,5,-2.399,5,0.158,11,,0,-2.265,14,3.143,7,,0,,0,-0.439,9,,0,-0.931,12,1.647,1,,0,-0.342,9,,0,,0,1.794,7,0.686,6,0.764,1,-0.327,11,1.72,2,,0,,0,,0,,0,,0,1.187,9,,0,5.95,16.15
v4,AUDUSD,2026-07-07,0.0,,0,,0,1.693,3,,0,1.996,8,2.014,6,-0.547,3,0.863,15,-1.378,9,,0,,0,0.092,2,-2.925,15,,0,,0,0.757,3,1.624,3,,0,,0,-0.171,3,4.416,9,1.104,9,1.05,9,,0,,0,-0.03,1,0.8,8,0.148,9,,0,,0,,0,0.491,9,,0,-0.054,4,-1.956,11,-0.974,3,,0,0.48,9,,0,1.456,9,1.549,9,,0,,0,,0,,0,,0,,0,,0,,0,,0,,0,-1.399,5,1.765,1,,0,,0,,0,-0.226,4,1.06,5,,0,,0,1.17,7.96
v4,USDCHF,2026-04-08,0.0,0.173,9,0.17,9,,0,,0,,0,,0,-1.154,4,-1.196,3,1.876,2,,0,1.944,7,1.656,3,-1.983,6,-0.018,9,,0,,0,,0,,0,-0.473,9,,0,,0,0.346,9,,0,-0.994,4,-1.03,2,,0,,0,,0,0.564,9,,0,,0,,0,0.06,9,-1.07,5,1.124,11,0.294,7,,0,0.725,9,-1.204,8,0.881,9,,0,,0,-1.637,3,,0,,0,0.746,9,,0,,0,,0,,0,,0,-0.191,2,1.959,1,-0.034,1,1.527,6,,0,,0,,0,,0,,0,3.28,32.63
v4,USDCAD,2026-06-24,0.0,-0.058,9,,0,,0,,0,,0,,0,,0,1.537,5,,0,,0,,0,,0,,0,,0,,0,,0,,0,0.915,9,-0.561,9,,0,,0,-0.171,9,,0,,0,,0,,0,,0,,0,,0,,0,,0,,0,,0,,0,,0,,0,,0,,0,1.019,5,,0,,0,,0,-1.677,13,0.493,4,0.008,9,,0,,0,,0,,0,,0,,0,,0,,0,,0,,0,,0,-0.682,4,,0,,0,,0,-0.68,-17.06
v4,NZDUSD,2026-07-07,0.0,0.416,16,0.221,2,0.659,9,0.005,1,1.854,3,-0.849,9,-0.781,2,0.891,11,1.364,9,,0,,0,-1.963,4,0.009,15,,0,-0.813,9,,0,,0,2.351,3,,0,0.433,12,-0.079,6,,0,,0,0.826,9,,0,-0.032,1,0.526,8,,0,,0,,0,,0,-0.305,9,0.557,9,-1.248,4,-1.622,6,,0,,0,0.468,9,,0,,0,,0,,0,1.032,7,0.387,2,,0,,0,1.056,6,-0.364,5,0.029,7,-0.26,9,-0.601,9,-1.603,5,1.908,5,,0,1.912,2,,0,0.115,4,0.894,5,,0,,0,2.41,5.07
v4,EURJPY,2026-01-23,0.0,,0,,0,,0,,0,,0,-3.222,5,1.922,4,,0,2.006,7,,0,0.887,9,0.543,9,-0.013,9,,0,,0,-0.95,9,,0,,0,,0,2.284,5,-1.177,14,,0,,0,,0,,0,1.272,3,0.566,9,,0,,0,0.772,6,0.127,4,1.676,2,,0,-1.731,4,0.758,9,,0,,0,,0,1.999,7,,0,2.167,3,,0,,0,,0,-0.698,4,-0.534,3,,0,,0,1.226,7,0.124,6,-0.885,10,-0.944,7,,0,,0,,0,,0,,0,,0,,0,,0,-0.49,-1.59
v4,GBPJPY,2026-08-14,8.0,-1.227,12,,0,0.139,9,,0,,0,-1.7,3,,0,0.795,9,2.301,2,,0,,0,4.773,13,-1.284,9,,0,,0,2.648,2,,0,,0,-1.494,6,2.119,10,-2.124,18,,0,0.669,9,,0,,0,1.444,3,-1.617,4,0.598,9,-0.944,9,0.914,7,1.958,3,1.856,2,,0,-1.354,16,0.772,11,-0.01,1,-2.038,3,,0,,0,,0,2.284,4,,0,-1.919,2,1.862,6,,0,,0,,0,,0,1.317,4,,0,0.302,6,-0.384,8,-1.329,3,,0,-0.078,9,,0,,0,0.512,9,1.675,8,,0,2.0,4.25
Mon,GBPUSD,2026-09-07,6.0,-0.137,4,-0.209,5,-0.021,4,-0.797,5,0.123,4,-1.623,4,-1.143,4,0.568,5,-0.868,4,0.153,4,0.051,5,1.171,4,1.406,5,-0.247,4,-0.485,4,-0.768,5,1.634,4,1.83,4,0.876,4,-0.405,5,-1.024,4,-0.542,5,0.461,4,0.035,4,0.95,5,0.838,4,-0.637,4,0.146,5,-0.878,4,0.146,4,-0.46,5,0.698,4,1.02,4,-0.101,5,0.263,4,0.332,5,-0.594,4,-0.377,4,-0.469,5,2.105,4,0.928,4,0.552,5,0.316,3,-0.1,4,1.785,5,-0.825,4,-0.848,4,1.629,5,0.232,4,0.118,4,0.53,5,1.401,4,0.061,4,1.491,5,1.716,4,0.651,4,0.428,5,-0.573,4,-0.412,5,0.199,1,6.91,12.92
MonThuS,USDCHF,2026-09-10,7.0,0.731,4,-0.218,4,0.442,5,-0.853,4,-0.917,4,0.815,5,-1.836,4,-0.215,4,3.292,5,0.421,4,0.664,4,0.203,5,-1.648,4,-0.227,4,1.028,5,-0.492,4,-1.277,4,1.436,5,1.319,4,-1.433,4,2.156,5,-0.512,4,-0.787,5,-0.348,4,0.279,4,-0.76,5,1.039,4,-0.978,4,0.582,5,-0.904,4,0.616,4,1.573,5,-0.58,4,0.43,4,-1.732,5,1.133,4,0.695,5,-0.511,4,0.048,4,-0.848,5,0.864,4,0.562,4,6.991,4,0.444,5,1.777,4,-1.36,5,-0.777,4,-0.93,4,0.021,5,1.007,4,0.32,3,0.539,4,-0.245,4,-0.453,4,0.297,5,0.152,4,0.485,4,0.952,5,-0.84,4,0.336,2,1.4,2.89
RSI2a,GBPUSD,2026-09-11,27.0,1.439,16,-3.416,19,-1.399,19,-1.194,18,-0.272,14,-0.979,19,-3.181,16,-3.001,19,3.618,17,-2.338,16,2.389,19,-2.453,18,7.075,18,-4.866,18,1.164,18,-2.998,16,1.74,16,0.713,18,-1.078,15,-0.341,18,-2.658,18,-0.218,17,1.064,17,-1.586,18,-0.55,15,-0.735,18,-0.208,18,0.874,16,0.912,18,-1.786,15,3.139,17,0.507,19,0.42,16,-1.077,19,-2.167,18,0.126,18,-1.285,18,0.165,17,-0.844,15,0.074,17,1.185,17,2.36,18,-0.96,15,0.318,16,-1.335,15,1.981,20,1.943,18,0.368,15,0.277,19,0.731,16,-2.19,17,-2.91,17,1.224,18,1.656,18,0.527,18,1.042,16,1.716,18,0.862,20,-0.581,18,0.219,7,3.94,1.9
RSI2b,GBPJPY,2026-09-11,24.0,-0.307,16,-0.679,14,-1.835,15,-1.979,15,-1.332,12,-0.925,18,-3.236,14,-1.99,8,2.909,16,0.975,13,2.084,11,0.505,12,0.971,15,1.628,14,-5.327,11,4.73,16,-0.866,12,1.933,12,-0.441,15,-1.786,15,-4.115,18,1.63,13,1.077,15,-0.854,16,0.833,12,-1.077,16,-2.973,12,-0.213,12,-0.587,12,-1.008,12,2.992,13,1.896,15,-0.454,13,-3.656,19,-4.365,12,1.78,16,-0.99,9,-0.337,15,-1.73,15,0.578,17,2.367,16,0.261,16,-3.553,11,0.571,15,0.766,14,0.033,17,-1.412,11,0.551,16,3.977,16,-0.679,12,1.409,16,1.164,12,1.194,10,0.448,10,-0.847,15,2.163,13,0.757,12,-0.789,15,-1.448,17,-1.33,5,6.1,3.75
Mon,ETHUSD,2026-09-07,6.0,2.541,4,2.096,5,-5.927,4,-9.35,5,13.546,4,2.581,4,-2.95,4,-10.432,5,-15.099,4,6.592,4,7.823,5,5.485,4,-0.127,5,-4.327,4,-2.069,4,-0.39,5,-1.254,4,-1.204,4,-0.195,4,-3.197,5,-6.531,4,-1.897,5,-1.712,4,-3.681,4,0.59,5,-0.982,4,-2.6,4,5.398,5,10.491,4,8.86,4,0.49,5,18.549,4,-6.961,4,8.684,5,-6.041,4,5.731,5,4.479,4,8.561,4,-4.664,5,-2.786,4,-7.106,4,-16.713,5,-0.519,4,1.165,4,17.449,5,-2.508,4,-7.363,4,-7.863,5,4.161,4,-6.063,4,-8.461,5,2.112,4,-0.261,4,23.401,5,6.716,4,-0.141,4,7.518,5,-3.095,4,0.705,5,-1.091,1,16.98,35.3
v4nfx,BTCUSD,2026-08-30,11.0,-4.731,17,7.169,4,-5.504,9,-15.56,8,,0,2.613,4,-0.088,5,-15.159,4,-17.801,6,,0,-4.282,12,-6.125,6,,0,13.293,13,,0,-10.976,9,4.342,9,6.314,3,2.473,9,,0,-1.764,9,,0,-3.965,5,4.327,1,-10.249,10,-2.675,10,-3.404,8,,0,-18.806,10,-6.702,11,,0,,0,,0,7.857,14,2.699,4,,0,4.629,11,-7.169,11,6.811,2,,0,-12.124,3,2.199,9,-0.951,8,1.987,17,,0,-3.547,4,,0,,0,11.095,11,-0.846,15,,0,9.441,10,8.485,9,8.862,4,-2.173,9,2.73,9,0.487,16,7.796,4,-6.466,11,,0,44.97,40.81
Hold,UK100,2026-09-11,31.0,2.082,21,-2.509,22,4.552,21,1.032,20,-0.131,20,0.718,23,0.334,19,0.786,21,-5.81,20,3.493,21,-1.924,22,-5.408,21,2.86,21,6.693,22,-1.652,20,4.243,21,1.295,20,-3.154,23,3.079,18,-5.441,20,1.097,22,2.178,21,-3.429,22,2.221,21,-3.813,22,1.753,22,3.697,19,-1.376,22,-0.058,21,4.176,20,2.357,21,1.561,21,-1.394,20,2.446,23,0.052,21,-1.716,21,-1.59,23,2.134,21,-1.428,20,6.077,22,1.513,20,-2.624,21,-1.073,20,3.215,20,-0.18,21,4.192,23,0.546,20,1.724,22,3.872,23,-0.017,20,2.118,21,2.89,21,6.668,20,-6.776,22,1.938,20,0.244,19,0.793,22,3.482,23,-0.453,20,-1.656,9,14.04,5.47
Hold,WTI,2026-09-11,31.0,11.327,21,-20.848,21,13.587,22,17.147,20,8.533,19,4.715,23,4.345,20,9.478,21,-7.816,21,-6.797,20,-9.245,23,-11.28,21,8.805,21,-6.956,21,-0.409,21,-1.783,20,-2.358,19,-1.84,23,1.419,19,-11.363,22,3.695,21,15.74,20,2.186,23,8.508,20,-10.807,22,-6.293,21,-5.722,20,5.808,21,3.124,20,6.222,20,-1.54,22,-6.078,22,5.855,19,-4.499,22,-5.644,22,-7.363,20,1.549,23,-1.868,20,5.418,21,1.08,21,-3.867,19,2.413,21,-18.606,21,4.381,21,7.054,20,6.321,23,-7.628,21,-2.61,21,-2.278,23,-4.033,19,-1.978,22,13.51,20,2.722,19,51.197,22,3.587,21,-16.898,20,-20.482,21,21.766,22,1.234,21,16.607,8,58.64,24.48
MonS(候補),EURGBP,2026-09-07,6.0,0.139,4,0.38,5,0.171,4,-0.351,5,0.669,4,-1.342,4,0.965,4,-1.016,5,-0.019,4,0.784,4,0.522,5,0.979,4,0.558,5,0.275,4,-0.662,4,-0.834,5,1.349,4,0.375,4,0.461,4,0.454,5,-0.896,4,0.032,5,0.483,4,0.034,4,0.258,5,0.514,4,-0.736,4,0.436,5,-0.342,4,0.154,4,0.128,5,0.562,4,0.046,4,0.34,5,-0.44,4,1.147,5,-0.092,4,0.028,4,0.689,5,0.205,4,0.508,4,0.25,5,0.532,3,0.784,4,-0.661,5,0.699,4,0.727,4,0.059,5,0.696,4,0.466,4,0.071,5,0.824,4,0.422,4,0.834,5,0.303,4,0.731,4,0.853,5,0.043,4,-0.045,5,0.108,1,5.36,10.07
FriS(候補),NZDUSD,2026-09-11,7.0,-0.711,5,0.801,4,1.763,5,1.402,4,1.125,4,0.02,4,3.729,5,-1.328,4,1.777,4,0.002,5,3.61,4,2.775,5,0.966,4,-3.414,4,-2.158,5,-3.353,4,3.909,4,-0.478,5,1.759,4,0.69,4,-0.784,5,1.273,4,0.452,4,-0.533,5,0.87,4,-2.624,4,-0.282,5,0.291,4,0.559,4,1.206,5,1.695,4,-1.399,5,1.936,4,0.0,4,-2.186,5,1.071,4,1.339,4,0.353,5,0.198,4,1.438,5,0.394,4,0.548,4,3.224,3,-2.547,5,1.843,4,1.327,4,-1.047,5,0.339,4,0.752,5,-0.616,4,0.473,4,0.548,5,-1.551,4,3.045,4,1.611,4,0.659,5,1.438,4,-0.644,5,-0.698,4,-0.075,2,5.52,10.48
WedS(候補),CADCHF,2026-09-09,6.0,0.866,4,0.248,4,0.476,5,0.802,4,0.455,4,-1.089,5,-1.569,4,0.861,4,0.542,5,-0.375,4,0.145,5,1.653,4,0.434,4,2.59,5,1.593,4,0.493,4,1.22,4,-0.156,5,1.4,4,0.778,5,0.487,4,1.845,4,0.165,5,-0.993,4,1.959,4,1.166,5,1.242,4,1.775,5,-0.183,4,-1.19,4,0.001,4,0.729,5,0.149,4,2.143,5,-0.56,4,-1.226,4,-0.55,5,-0.526,4,0.324,4,0.061,4,0.862,4,-0.576,4,-2.502,5,0.506,4,0.764,4,-0.324,5,0.467,4,0.255,4,-0.539,5,0.375,4,1.05,5,-1.076,4,0.142,4,-0.745,4,-0.669,5,0.781,4,-0.162,4,0.46,5,0.92,4,-0.369,2,0.13,0.31
TueS(候補),CADCHF,2026-09-08,6.0,-0.663,4,0.219,5,-0.469,4,-1.366,4,-0.085,4,0.158,5,-1.023,4,0.732,5,-0.601,4,1.491,4,-1.582,5,1.393,4,1.039,4,0.146,5,0.734,4,0.495,5,0.075,4,-0.707,4,1.694,4,0.451,5,0.078,4,0.984,4,0.895,5,-0.547,4,0.049,5,1.012,4,0.847,4,-0.977,5,0.017,4,0.204,4,-0.258,5,0.653,4,1.142,4,0.249,5,1.273,4,1.025,4,-0.715,5,-0.532,4,-0.112,5,0.309,4,0.032,4,0.167,4,-1.268,5,0.015,4,0.315,4,0.572,5,1.384,4,0.818,5,-0.68,4,-0.231,4,-0.035,5,1.317,4,0.136,4,0.201,5,0.615,4,-0.477,4,0.102,5,-0.604,4,0.194,4,-0.333,2,1.55,3.01
Thu(候補),XAUUSD,2026-09-10,7.0,-0.147,4,0.782,3,1.354,5,0.329,4,0.235,4,0.143,5,1.546,4,-0.677,4,1.144,5,1.998,4,-0.298,4,-1.638,5,-0.634,4,3.244,3,0.447,5,-0.289,4,-4.399,4,5.043,5,-0.248,4,-0.577,4,2.583,5,-0.641,4,-0.359,5,0.762,4,1.234,4,0.772,4,0.713,4,1.318,4,1.418,5,1.405,4,2.761,4,0.056,5,2.188,4,-1.0,3,1.307,5,3.394,4,1.429,5,2.379,3,-2.198,4,3.668,5,-1.188,4,2.773,4,3.561,4,-0.506,5,0.595,3,-0.086,5,2.171,4,2.009,4,5.052,5,-1.719,3,1.43,3,2.604,4,-6.426,4,-3.804,4,-1.259,5,-0.094,4,3.394,4,1.981,5,-1.494,4,-1.183,2,-1.16,-0.93
Sess(候補),USDCHF 16-20S,2026-07-28,,0.402,16,1.016,18,1.407,18,0.12,17,0.673,16,-0.394,19,-0.704,16,1.035,18,0.031,18,0.929,16,-0.202,19,1.004,17,-0.282,17,0.976,18,-0.244,17,1.106,18,0.133,16,-0.0,18,1.166,16,1.38,19,0.817,17,0.325,17,-0.088,19,-0.715,16,1.187,18,-0.202,18,0.602,15,0.717,18,0.207,17,0.553,16,1.186,18,0.044,18,0.641,16,0.398,19,2.022,17,0.58,17,1.061,19,-0.19,16,-0.585,17,0.714,17,0.363,16,1.268,17,-0.798,18,0.612,17,0.096,17,0.668,19,0.034,16,0.367,18,0.284,18,0.461,16,0.449,18,-0.167,16,0.796,16,1.444,18,-0.447,18,0.935,16,-0.866,18,-0.321,16,,0,,0,2.93,1.41
Sess(候補),USDCHF 00-04S,2026-07-29,,0.338,16,0.28,18,-0.127,18,-0.348,17,0.435,16,-0.217,19,-0.43,16,0.384,18,0.996,18,0.513,16,1.094,19,-0.745,17,0.019,17,0.389,18,0.577,17,0.826,18,0.527,16,0.987,18,0.236,16,1.035,19,-0.048,17,1.094,17,0.478,19,0.205,16,0.141,18,1.208,18,1.07,15,0.294,18,0.507,17,0.257,16,0.008,18,0.281,18,0.375,16,0.561,19,0.219,17,0.884,17,0.221,19,-0.779,16,-0.431,18,0.775,17,0.149,16,0.404,17,2.156,18,1.924,17,-0.29,17,0.067,19,-0.052,16,0.29,18,1.255,18,0.539,16,0.957,19,0.664,16,0.814,16,0.386,18,-0.059,18,-0.326,16,0.729,18,0.975,17,,0,,0,6.47,3.02
Sess(候補),NZDUSD 16-20S,2026-07-28,,0.91,16,0.071,18,0.559,18,0.61,17,0.036,16,0.168,19,0.529,16,-1.042,18,0.766,18,-0.373,16,1.422,19,0.831,17,1.258,17,0.07,18,1.451,17,-0.424,18,0.125,16,1.011,18,0.237,16,-0.51,19,0.779,17,0.14,17,0.69,19,2.04,16,-0.537,18,0.443,18,-0.225,15,0.45,18,0.015,17,0.081,16,0.175,18,0.51,18,-0.072,16,1.32,19,0.529,17,-0.419,17,-0.174,19,1.197,16,1.841,17,-0.103,17,0.66,16,-0.621,17,-0.07,18,1.647,17,0.544,17,0.133,19,0.546,16,0.529,18,1.412,18,0.65,16,1.095,18,0.255,16,0.293,16,-1.024,18,1.581,18,0.101,16,1.84,18,0.855,16,,0,,0,8.84,4.12
Sess(候補),NZDUSD 20-00S,2026-07-28,,0.696,16,0.188,18,0.523,18,1.184,17,1.053,16,0.432,19,1.175,16,1.228,18,1.509,18,0.679,16,2.241,19,-0.297,17,-0.831,17,0.832,18,0.375,17,1.672,18,0.038,16,0.744,18,0.075,16,0.581,19,0.846,17,0.432,17,1.077,19,0.045,16,1.853,18,0.526,18,0.47,15,0.059,18,-0.415,17,0.407,16,0.364,18,0.016,18,0.659,16,0.437,19,0.09,17,0.641,17,1.482,19,0.853,16,1.679,16,0.536,17,0.213,16,0.577,17,1.691,18,0.944,17,-0.458,17,-0.113,19,-0.286,16,0.866,18,0.534,18,0.455,16,0.804,17,0.103,16,1.716,16,1.28,18,-1.362,18,0.972,16,1.255,18,0.342,16,,0,,0,6.8,3.21
Sess(候補),AUDUSD 20-00S,2026-07-28,,0.903,16,0.035,18,0.651,18,0.876,17,0.84,16,0.619,19,0.324,16,0.826,18,0.822,18,0.629,16,2.309,19,0.122,17,0.226,17,0.392,18,-0.457,17,1.141,18,-0.347,16,-0.321,18,-0.224,16,0.881,19,0.409,17,0.552,17,0.513,19,0.707,16,0.68,18,0.306,18,0.483,15,0.108,18,-0.443,17,0.337,16,0.342,18,0.148,18,0.272,16,0.101,19,0.362,17,0.403,17,1.145,19,0.523,16,1.253,16,0.753,17,0.517,16,0.251,17,0.819,18,0.674,17,-0.11,17,0.039,19,-0.128,16,0.146,18,0.034,18,0.187,16,0.456,17,-0.115,16,1.129,16,0.282,18,-1.252,18,0.925,16,1.106,18,0.77,16,,0,,0,3.42,1.64
Sess(候補),EURGBP 20-00S,2025-12-30,,0.499,16,0.628,18,0.131,18,0.411,17,0.68,16,0.566,19,0.472,16,0.295,18,0.126,18,0.233,16,0.172,19,1.561,17,0.402,17,0.81,18,0.222,17,0.238,18,0.196,16,0.199,18,0.206,16,0.343,19,0.281,17,0.163,17,0.28,19,0.025,16,0.143,18,0.21,18,0.491,15,0.611,18,0.535,17,0.246,16,0.334,18,0.46,18,0.187,16,0.342,19,0.312,17,0.369,17,0.309,19,0.934,16,0.541,16,0.868,17,0.513,16,0.13,17,0.2,18,0.384,17,-0.069,17,0.14,19,0.054,16,0.122,18,0.306,18,-0.343,16,0.592,17,,0,,0,,0,,0,,0,,0,,0,,0,,0,2.93,1.4
Sess(候補),EURGBP 16-20S,2025-12-31,,-0.321,16,0.531,18,0.142,18,0.79,17,0.389,16,-0.065,19,1.036,16,0.078,18,0.907,18,1.529,16,0.002,19,-0.501,17,-1.087,17,0.64,18,-0.2,17,1.111,18,-0.242,16,1.038,18,0.564,16,0.181,19,0.455,17,0.832,17,0.688,19,0.419,16,-0.064,18,0.561,18,0.228,15,0.193,18,0.279,17,0.312,16,0.783,18,0.452,18,0.446,16,0.279,19,-0.383,17,0.615,17,0.231,19,0.176,16,0.227,17,1.37,17,0.841,16,1.117,17,2.278,18,0.337,17,-0.313,17,0.342,19,0.513,16,0.293,18,0.288,18,0.392,16,0.237,18,,0,,0,,0,,0,,0,,0,,0,,0,,0,7.95,3.7
Sess(候補),CHFJPY 20-00S,2025-12-30,,0.028,16,-0.267,18,0.024,18,-0.195,17,0.162,16,-1.203,19,-0.135,16,0.214,18,-0.539,18,0.117,16,0.745,19,-0.469,17,0.27,17,0.864,18,0.226,17,1.316,18,-0.041,16,-0.48,18,1.299,16,0.56,19,0.845,17,0.687,17,0.174,19,0.227,16,0.162,18,0.81,18,0.768,15,-0.106,18,-0.246,17,0.954,16,0.229,18,0.897,18,0.02,16,1.166,19,-0.485,17,0.025,17,0.504,19,0.431,16,0.15,16,0.261,17,0.467,16,-0.024,17,2.172,18,0.396,17,0.791,17,0.424,19,0.256,16,0.058,18,0.374,18,0.351,16,0.883,17,,0,,0,,0,,0,,0,,0,,0,,0,,0,6.58,3.1
