cell,family,symbol,h0,span,plus_in,n_in,rate_in,p_binom,mean_m_in_pct,worst_m_in_pct,plus_pre,n_pre,p_pre,plus_oos,n_oos,cum_oos_pct,sig_bonf,sig_005,pre_sig
MonS EURGBP 20-00UTC,MonS,EURGBP,20,4,37,39,95,1.420630724169314e-09,0.14,-0.04,56,69,8.418816715061086e-08,9,12,1.01,True,True,True
TueS EURGBP 20-00UTC,TueS,EURGBP,20,4,37,39,95,1.420630724169314e-09,0.09,-0.21,54,69,1.306424001795009e-06,11,12,1.26,True,True,True
MonS EURGBP 16-00UTC,MonS,EURGBP,16,8,34,39,87,1.2149539543315768e-06,0.18,-0.34,45,69,0.0077161487268506326,8,12,1.45,True,True,True
MonS EURGBP 16-20UTC,MonS,EURGBP,16,4,33,39,85,7.14963061909657e-06,0.15,-0.58,46,69,0.0038102609275128484,9,12,1.67,True,True,True
ThuS EURGBP 20-00UTC,ThuS,EURGBP,20,4,33,39,85,7.14963061909657e-06,0.1,-0.1,55,69,3.460958460029819e-07,6,12,-0.28,True,True,True
WedS CADJPY 20-00UTC,WedS,CADJPY,20,4,32,39,82,3.5127392038702965e-05,0.3,-0.53,50,69,0.00012219850828878748,11,12,4.4,True,True,True
TueS EURGBP 00-04UTC,TueS,EURGBP,0,4,32,39,82,3.5127392038702965e-05,0.13,-0.11,47,69,0.0017724064235105262,11,12,1.16,True,True,True
ThuS GBPAUD 00-08UTC,ThuS,GBPAUD,0,8,30,39,77,0.00053250981727615,0.34,-0.68,40,69,0.11420011267664848,5,12,-1.38,False,True,False
FriS EURGBP 16-20UTC,FriS,EURGBP,16,4,30,39,77,0.00053250981727615,0.14,-0.3,46,69,0.0038102609275128484,10,12,3.46,False,True,True
WedS EURGBP 00-04UTC,WedS,EURGBP,0,4,30,39,77,0.00053250981727615,0.1,-0.5,46,69,0.0038102609275128484,7,12,0.02,False,True,True
MonS EURGBP 00-04UTC,MonS,EURGBP,0,4,30,39,77,0.00053250981727615,0.0,-2.44,47,69,0.0017724064235105262,8,12,1.06,False,True,True
TueS EURGBP 12-16UTC,TueS,EURGBP,12,4,29,39,74,0.0016889239559532143,0.27,-0.68,45,69,0.0077161487268506326,7,12,1.09,False,True,True
ThuS GBPAUD 00-04UTC,ThuS,GBPAUD,0,4,29,39,74,0.0016889239559532143,0.22,-0.68,38,69,0.2351842659290722,4,12,-0.23,False,True,False
WedS CHFJPY 20-00UTC,WedS,CHFJPY,20,4,29,39,74,0.0016889239559532143,0.19,-0.3,44,69,0.014746746765658644,9,12,3.44,False,True,True
TueS GBPAUD 16-00UTC,TueS,GBPAUD,16,8,29,39,74,0.0016889239559532143,0.19,-0.77,35,69,0.5,7,12,1.09,False,True,False
TueS GBPAUD 16-20UTC,TueS,GBPAUD,16,4,29,39,74,0.0016889239559532143,0.18,-0.23,38,69,0.2351842659290722,7,12,-0.59,False,True,False
TueS XAUUSD 20-00UTC,TueS,XAUUSD,20,4,29,39,74,0.0016889239559532143,0.1,-0.42,6,9,,7,12,1.09,False,True,False
ThuS EURGBP 00-04UTC,ThuS,EURGBP,0,4,29,39,74,0.0016889239559532143,0.08,-0.38,46,69,0.0038102609275128484,9,12,1.17,False,True,True
WedS EURGBP 20-00UTC,WedS,EURGBP,20,4,29,39,74,0.0016889239559532143,0.06,-0.13,46,69,0.0038102609275128484,10,12,0.92,False,True,True
MonS XAUUSD 00-08UTC,MonS,XAUUSD,0,8,28,39,72,0.004737652139738202,0.46,-1.6,3,9,,4,12,-8.79,False,True,False
ThuS NZDJPY 08-16UTC,ThuS,NZDJPY,8,8,28,39,72,0.004737652139738202,0.35,-2.29,43,69,0.026644681908256817,7,12,0.68,False,True,True
ThuS EURAUD 00-08UTC,ThuS,EURAUD,0,8,28,39,72,0.004737652139738202,0.35,-1.05,37,69,0.315228245893399,4,12,-2.12,False,True,False
MonS XAUUSD 04-08UTC,MonS,XAUUSD,4,4,28,39,72,0.004737652139738202,0.34,-1.12,4,9,,5,12,-2.39,False,True,False
WedS CADJPY 16-00UTC,WedS,CADJPY,16,8,28,39,72,0.004737652139738202,0.31,-1.36,36,69,0.40497452645946236,6,12,0.05,False,True,False
WedS NZDJPY 20-00UTC,WedS,NZDJPY,20,4,28,39,72,0.004737652139738202,0.28,-0.42,40,69,0.11420011267664848,10,12,4.19,False,True,False
ThuS EURAUD 04-08UTC,ThuS,EURAUD,4,4,28,39,72,0.004737652139738202,0.19,-0.31,40,69,0.11420011267664848,6,12,-1.31,False,True,False
MonS CADJPY 20-00UTC,MonS,CADJPY,20,4,28,39,72,0.004737652139738202,0.09,-1.46,50,69,0.00012219850828878748,9,12,1.89,False,True,True
ThuS CHFJPY 04-08UTC,ThuS,CHFJPY,4,4,28,39,72,0.004737652139738202,0.07,-1.45,37,69,0.315228245893399,3,12,-2.39,False,True,False
FriS EURGBP 00-04UTC,FriS,EURGBP,0,4,28,39,72,0.004737652139738202,0.07,-0.64,44,69,0.014746746765658644,11,12,0.71,False,True,True
MonS XAUUSD 12-16UTC,MonS,XAUUSD,12,4,27,39,69,0.011851351235236507,0.45,-1.51,3,9,,6,12,2.53,False,True,False
MonS EURGBP 04-08UTC,MonS,EURGBP,4,4,27,39,69,0.011851351235236507,0.15,-0.34,40,69,0.11420011267664848,8,12,2.7,False,True,False
Fri EURAUD 08-16UTC,Fri,EURAUD,8,8,27,39,69,0.011851351235236507,0.13,-1.97,30,69,0.8857998873233515,8,12,3.73,False,True,False
ThuS CADJPY 20-00UTC,ThuS,CADJPY,20,4,27,39,69,0.011851351235236507,0.11,-0.63,43,69,0.026644681908256817,9,12,3.21,False,True,True
FriS EURGBP 04-08UTC,FriS,EURGBP,4,4,27,39,69,0.011851351235236507,0.1,-0.51,37,69,0.315228245893399,3,12,-1.81,False,True,False
WedS EURAUD 04-08UTC,WedS,EURAUD,4,4,27,39,69,0.011851351235236507,0.1,-1.02,43,69,0.026644681908256817,9,12,2.46,False,True,True
ThuS CHFJPY 00-08UTC,ThuS,CHFJPY,0,8,27,39,69,0.011851351235236507,0.08,-2.1,35,69,0.5,4,12,-0.82,False,True,False
MonS XAUUSD 08-16UTC,MonS,XAUUSD,8,8,26,39,67,0.026625957048963755,0.47,-1.72,3,9,,4,12,-3.56,False,True,False
WedS NZDJPY 16-00UTC,WedS,NZDJPY,16,8,26,39,67,0.026625957048963755,0.35,-1.12,33,69,0.684771754106601,9,12,1.19,False,True,False
Mon CADJPY 08-16UTC,Mon,CADJPY,8,8,26,39,67,0.026625957048963755,0.31,-2.18,29,69,0.9259839096536209,4,12,-0.37,False,True,False
TueS EURGBP 08-16UTC,TueS,EURGBP,8,8,26,39,67,0.026625957048963755,0.31,-1.56,42,69,0.04559324528350576,6,12,0.94,False,True,True
MonS XAUUSD 00-04UTC,MonS,XAUUSD,0,4,26,39,67,0.026625957048963755,0.25,-1.49,3,9,,6,12,-5.04,False,True,False
ThuS CHFJPY 08-16UTC,ThuS,CHFJPY,8,8,26,39,67,0.026625957048963755,0.24,-1.09,34,69,0.5950254735405377,6,12,-0.47,False,True,False
ThuS EURAUD 00-04UTC,ThuS,EURAUD,0,4,26,39,67,0.026625957048963755,0.22,-0.78,29,69,0.9259839096536209,5,12,-0.26,False,True,False
WedS NZDJPY 08-12UTC,WedS,NZDJPY,8,4,26,39,67,0.026625957048963755,0.18,-0.85,35,69,0.5,8,12,2.51,False,True,False
ThuS EURGBP 08-16UTC,ThuS,EURGBP,8,8,26,39,67,0.026625957048963755,0.17,-1.54,42,69,0.04559324528350576,8,12,1.63,False,True,True
Wed CHFJPY 12-16UTC,Wed,CHFJPY,12,4,26,39,67,0.026625957048963755,0.15,-0.97,37,69,0.315228245893399,5,12,0.12,False,True,False
MonS EURGBP 08-12UTC,MonS,EURGBP,8,4,26,39,67,0.026625957048963755,0.14,-0.77,38,69,0.2351842659290722,10,12,2.25,False,True,False
WedS GBPAUD 04-08UTC,WedS,GBPAUD,4,4,26,39,67,0.026625957048963755,0.13,-1.38,43,69,0.026644681908256817,6,12,3.05,False,True,True
FriS EURGBP 08-12UTC,FriS,EURGBP,8,4,26,39,67,0.026625957048963755,0.11,-1.09,36,69,0.40497452645946236,7,12,1.08,False,True,False
TueS EURAUD 16-20UTC,TueS,EURAUD,16,4,26,39,67,0.026625957048963755,0.11,-0.56,37,69,0.315228245893399,6,12,-0.14,False,True,False
FriS EURAUD 04-08UTC,FriS,EURAUD,4,4,26,39,67,0.026625957048963755,0.11,-0.77,41,69,0.07401609034637918,3,12,-2.2,False,True,False
WedS EURGBP 08-12UTC,WedS,EURGBP,8,4,26,39,67,0.026625957048963755,0.1,-1.04,52,69,1.4652160872728328e-05,6,12,1.09,False,True,True
ThuS EURGBP 00-08UTC,ThuS,EURGBP,0,8,26,39,67,0.026625957048963755,0.1,-0.57,33,69,0.684771754106601,7,12,0.31,False,True,False
MonS XAUUSD 16-20UTC,MonS,XAUUSD,16,4,26,39,67,0.026625957048963755,0.1,-1.67,7,9,,5,12,-0.89,False,True,False
WedS CHFJPY 08-12UTC,WedS,CHFJPY,8,4,26,39,67,0.026625957048963755,0.09,-1.31,43,69,0.026644681908256817,6,12,1.35,False,True,True
MonS NZDJPY 16-20UTC,MonS,NZDJPY,16,4,26,39,67,0.026625957048963755,0.09,-0.68,44,69,0.014746746765658644,5,12,-0.77,False,True,True
WedS EURGBP 16-20UTC,WedS,EURGBP,16,4,26,39,67,0.026625957048963755,0.09,-0.31,36,69,0.40497452645946236,11,12,3.6,False,True,False
WedS XAUUSD 04-08UTC,WedS,XAUUSD,4,4,26,39,67,0.026625957048963755,0.09,-1.05,6,9,,3,12,-5.4,False,True,False
Wed GBPAUD 16-20UTC,Wed,GBPAUD,16,4,26,39,67,0.026625957048963755,0.08,-0.68,24,69,0.9961897390724872,3,12,-3.08,False,True,False
TueS CADJPY 20-00UTC,TueS,CADJPY,20,4,26,39,67,0.026625957048963755,0.07,-0.52,47,69,0.0017724064235105262,5,12,-1.21,False,True,True
ThuS NZDJPY 08-12UTC,ThuS,NZDJPY,8,4,25,39,64,0.054064510703028645,0.29,-0.86,41,69,0.07401609034637918,8,12,1.43,False,False,False
ThuS CADJPY 08-12UTC,ThuS,CADJPY,8,4,25,39,64,0.054064510703028645,0.25,-0.86,38,69,0.2351842659290722,7,12,2.45,False,False,False
Mon CHFJPY 08-16UTC,Mon,CHFJPY,8,8,25,39,64,0.054064510703028645,0.23,-1.79,33,69,0.684771754106601,7,12,0.82,False,False,False
MonS CADJPY 00-04UTC,MonS,CADJPY,0,4,25,39,64,0.054064510703028645,0.16,-1.1,40,69,0.11420011267664848,10,12,4.0,False,False,False
ThuS NZDJPY 12-16UTC,ThuS,NZDJPY,12,4,25,39,64,0.054064510703028645,0.15,-1.53,43,69,0.026644681908256817,7,12,0.42,False,False,True
WedS XAUUSD 00-04UTC,WedS,XAUUSD,0,4,25,39,64,0.054064510703028645,0.13,-0.79,4,9,,7,12,-0.99,False,False,False
MonS EURGBP 08-16UTC,MonS,EURGBP,8,8,25,39,64,0.054064510703028645,0.11,-1.07,42,69,0.04559324528350576,10,12,2.89,False,False,True
ThuS EURGBP 12-16UTC,ThuS,EURGBP,12,4,25,39,64,0.054064510703028645,0.11,-1.07,35,69,0.5,8,12,1.07,False,False,False
MonS EURAUD 04-08UTC,MonS,EURAUD,4,4,25,39,64,0.054064510703028645,0.09,-1.08,40,69,0.11420011267664848,7,12,2.78,False,False,False
WedS XAUUSD 00-08UTC,WedS,XAUUSD,0,8,25,39,64,0.054064510703028645,0.09,-1.61,3,9,,5,12,-7.82,False,False,False
ThuS EURGBP 16-20UTC,ThuS,EURGBP,16,4,25,39,64,0.054064510703028645,0.08,-0.53,41,69,0.07401609034637918,8,12,0.88,False,False,False
MonS EURGBP 12-16UTC,MonS,EURGBP,12,4,25,39,64,0.054064510703028645,0.07,-0.71,34,69,0.5950254735405377,9,12,1.86,False,False,False
MonS EURGBP 00-08UTC,MonS,EURGBP,0,8,25,39,64,0.054064510703028645,0.06,-1.43,42,69,0.04559324528350576,8,12,2.54,False,False,True
WedS EURGBP 16-00UTC,WedS,EURGBP,16,8,25,39,64,0.054064510703028645,0.05,-0.49,35,69,0.5,10,12,3.19,False,False,False
TueS EURAUD 20-00UTC,TueS,EURAUD,20,4,25,39,64,0.054064510703028645,0.05,-0.59,39,69,0.16777880911700757,10,12,2.27,False,False,False
ThuS GBPAUD 16-20UTC,ThuS,GBPAUD,16,4,25,39,64,0.054064510703028645,0.05,-0.69,41,69,0.07401609034637918,6,12,0.2,False,False,False
MonS EURAUD 16-20UTC,MonS,EURAUD,16,4,25,39,64,0.054064510703028645,0.04,-0.69,38,69,0.2351842659290722,9,12,1.37,False,False,False
Mon NZDJPY 04-08UTC,Mon,NZDJPY,4,4,25,39,64,0.054064510703028645,0.03,-2.5,36,69,0.40497452645946236,6,12,1.11,False,False,False
MonS GBPAUD 16-20UTC,MonS,GBPAUD,16,4,25,39,64,0.054064510703028645,-0.01,-0.84,35,69,0.5,7,12,0.86,False,False,False
ThuS CHFJPY 08-12UTC,ThuS,CHFJPY,8,4,24,39,62,0.09979543345980346,0.21,-0.76,39,69,0.16777880911700757,8,12,-0.04,False,False,False
FriS NZDJPY 12-16UTC,FriS,NZDJPY,12,4,24,39,62,0.09979543345980346,0.17,-2.17,46,69,0.0038102609275128484,7,12,2.8,False,False,True
TueS XAUUSD 08-12UTC,TueS,XAUUSD,8,4,24,39,62,0.09979543345980346,0.17,-1.25,5,9,,6,12,-0.91,False,False,False
ThuS EURGBP 08-12UTC,ThuS,EURGBP,8,4,24,39,62,0.09979543345980346,0.16,-0.44,44,69,0.014746746765658644,8,12,1.76,False,False,True
Wed EURAUD 16-00UTC,Wed,EURAUD,16,8,24,39,62,0.09979543345980346,0.14,-0.53,33,69,0.684771754106601,2,12,-4.31,False,False,False
FriS GBPAUD 00-08UTC,FriS,GBPAUD,0,8,24,39,62,0.09979543345980346,0.13,-1.36,46,69,0.0038102609275128484,8,12,0.66,False,False,True
Fri GBPAUD 08-16UTC,Fri,GBPAUD,8,8,24,39,62,0.09979543345980346,0.13,-1.48,26,69,0.9852532532343413,5,12,1.79,False,False,False
TueS NZDJPY 08-16UTC,TueS,NZDJPY,8,8,24,39,62,0.09979543345980346,0.12,-1.59,41,69,0.07401609034637918,8,12,-0.51,False,False,False
Mon CHFJPY 08-12UTC,Mon,CHFJPY,8,4,24,39,62,0.09979543345980346,0.11,-0.69,31,69,0.8322211908829924,6,12,-0.54,False,False,False
FriS NZDJPY 04-08UTC,FriS,NZDJPY,4,4,24,39,62,0.09979543345980346,0.11,-0.81,41,69,0.07401609034637918,5,12,1.19,False,False,False
TueS EURAUD 16-00UTC,TueS,EURAUD,16,8,24,39,62,0.09979543345980346,0.11,-0.93,37,69,0.315228245893399,8,12,1.51,False,False,False
FriS GBPAUD 04-08UTC,FriS,GBPAUD,4,4,24,39,62,0.09979543345980346,0.11,-0.67,48,69,0.0007751584747434322,7,12,0.72,False,False,True
WedS CADJPY 04-08UTC,WedS,CADJPY,4,4,24,39,62,0.09979543345980346,0.1,-0.69,40,69,0.11420011267664848,6,12,-0.01,False,False,False
ThuS NZDJPY 20-00UTC,ThuS,NZDJPY,20,4,24,39,62,0.09979543345980346,0.1,-0.72,45,69,0.0077161487268506326,9,12,2.1,False,False,True
TueS EURGBP 00-08UTC,TueS,EURGBP,0,8,24,39,62,0.09979543345980346,0.08,-0.57,36,69,0.40497452645946236,7,12,0.22,False,False,False
ThuS EURGBP 16-00UTC,ThuS,EURGBP,16,8,24,39,62,0.09979543345980346,0.08,-0.72,40,69,0.11420011267664848,5,12,-0.59,False,False,False
FriS EURGBP 00-08UTC,FriS,EURGBP,0,8,24,39,62,0.09979543345980346,0.07,-0.6,36,69,0.40497452645946236,4,12,-2.3,False,False,False
WedS EURGBP 04-08UTC,WedS,EURGBP,4,4,24,39,62,0.09979543345980346,0.06,-0.73,44,69,0.014746746765658644,7,12,0.51,False,False,True
WedS EURAUD 00-08UTC,WedS,EURAUD,0,8,24,39,62,0.09979543345980346,0.06,-1.5,38,69,0.2351842659290722,7,12,2.96,False,False,False
Wed CHFJPY 16-20UTC,Wed,CHFJPY,16,4,24,39,62,0.09979543345980346,0.04,-0.82,31,69,0.8322211908829924,4,12,-1.39,False,False,False
WedS CADJPY 08-16UTC,WedS,CADJPY,8,8,24,39,62,0.09979543345980346,0.03,-1.95,30,69,0.8857998873233515,7,12,2.44,False,False,False
MonS CHFJPY 20-00UTC,MonS,CHFJPY,20,4,24,39,62,0.09979543345980346,0.03,-0.79,54,69,1.306424001795009e-06,9,12,1.92,False,False,True
TueS EURGBP 16-20UTC,TueS,EURGBP,16,4,24,39,62,0.09979543345980346,0.03,-0.95,51,69,4.3843312314230094e-05,10,12,1.6,False,False,True
TueS EURGBP 16-00UTC,TueS,EURGBP,16,8,24,39,62,0.09979543345980346,0.02,-1.17,47,69,0.0017724064235105262,10,12,1.63,False,False,True
FriS NZDJPY 16-20UTC,FriS,NZDJPY,16,4,23,39,59,0.1683918175949657,0.18,-1.01,46,69,0.0038102609275128484,6,12,-0.14,False,False,True
ThuS GBPAUD 04-08UTC,ThuS,GBPAUD,4,4,23,39,59,0.1683918175949657,0.16,-0.31,41,69,0.07401609034637918,6,12,-0.63,False,False,False
TueS NZDJPY 12-16UTC,TueS,NZDJPY,12,4,23,39,59,0.1683918175949657,0.14,-1.47,41,69,0.07401609034637918,6,12,-0.3,False,False,False
Mon NZDJPY 08-16UTC,Mon,NZDJPY,8,8,23,39,59,0.1683918175949657,0.11,-2.81,33,69,0.684771754106601,6,12,0.7,False,False,False
ThuS EURGBP 04-08UTC,ThuS,EURGBP,4,4,23,39,59,0.1683918175949657,0.11,-0.51,37,69,0.315228245893399,8,12,0.41,False,False,False
MonS GBPAUD 00-04UTC,MonS,GBPAUD,0,4,23,39,59,0.1683918175949657,0.11,-0.82,45,69,0.0077161487268506326,8,12,1.02,False,False,True
ThuS CADJPY 00-04UTC,ThuS,CADJPY,0,4,23,39,59,0.1683918175949657,0.1,-1.27,51,69,4.3843312314230094e-05,10,12,3.8,False,False,True
ThuS CADJPY 16-00UTC,ThuS,CADJPY,16,8,23,39,59,0.1683918175949657,0.1,-0.9,40,69,0.11420011267664848,9,12,3.35,False,False,False
Fri EURAUD 12-16UTC,Fri,EURAUD,12,4,23,39,59,0.1683918175949657,0.1,-1.95,37,69,0.315228245893399,7,12,1.35,False,False,False
WedS CADJPY 08-12UTC,WedS,CADJPY,8,4,23,39,59,0.1683918175949657,0.09,-1.04,35,69,0.5,8,12,1.62,False,False,False
ThuS CHFJPY 12-16UTC,ThuS,CHFJPY,12,4,23,39,59,0.1683918175949657,0.09,-1.1,36,69,0.40497452645946236,5,12,0.15,False,False,False
WedS GBPAUD 12-16UTC,WedS,GBPAUD,12,4,23,39,59,0.1683918175949657,0.08,-0.85,31,69,0.8322211908829924,6,12,-0.73,False,False,False
WedS XAUUSD 08-12UTC,WedS,XAUUSD,8,4,23,39,59,0.1683918175949657,0.08,-1.42,7,9,,8,12,3.69,False,False,False
TueS GBPAUD 20-00UTC,TueS,GBPAUD,20,4,23,39,59,0.1683918175949657,0.07,-0.51,42,69,0.04559324528350576,9,12,2.21,False,False,True
MonS CHFJPY 00-04UTC,MonS,CHFJPY,0,4,23,39,59,0.1683918175949657,0.05,-0.99,51,69,4.3843312314230094e-05,8,12,2.33,False,False,True
Tue NZDJPY 16-00UTC,Tue,NZDJPY,16,8,23,39,59,0.1683918175949657,0.05,-1.01,31,69,0.8322211908829924,9,12,1.61,False,False,False
ThuS NZDJPY 04-08UTC,ThuS,NZDJPY,4,4,23,39,59,0.1683918175949657,0.05,-1.42,40,69,0.11420011267664848,7,12,1.78,False,False,False
Mon CADJPY 04-08UTC,Mon,CADJPY,4,4,23,39,59,0.1683918175949657,0.04,-2.32,31,69,0.8322211908829924,5,12,0.55,False,False,False
TueS CHFJPY 12-16UTC,TueS,CHFJPY,12,4,23,39,59,0.1683918175949657,0.04,-1.08,38,69,0.2351842659290722,4,12,-1.16,False,False,False
ThuS XAUUSD 16-20UTC,ThuS,XAUUSD,16,4,23,39,59,0.1683918175949657,0.04,-1.69,6,9,,3,12,-2.56,False,False,False
TueS CHFJPY 20-00UTC,TueS,CHFJPY,20,4,23,39,59,0.1683918175949657,0.03,-0.51,45,69,0.0077161487268506326,5,12,-0.27,False,False,True
WedS GBPAUD 20-00UTC,WedS,GBPAUD,20,4,23,39,59,0.1683918175949657,0.03,-0.47,35,69,0.5,7,12,-0.29,False,False,False
WedS NZDJPY 08-16UTC,WedS,NZDJPY,8,8,23,39,59,0.1683918175949657,0.02,-2.02,31,69,0.8322211908829924,8,12,3.06,False,False,False
MonS GBPAUD 04-08UTC,MonS,GBPAUD,4,4,23,39,59,0.1683918175949657,0.02,-2.09,37,69,0.315228245893399,8,12,1.21,False,False,False
MonS NZDJPY 20-00UTC,MonS,NZDJPY,20,4,23,39,59,0.1683918175949657,0.01,-1.7,42,69,0.04559324528350576,8,12,1.88,False,False,True
ThuS GBPAUD 16-00UTC,ThuS,GBPAUD,16,8,23,39,59,0.1683918175949657,0.01,-0.57,39,69,0.16777880911700757,5,12,0.1,False,False,False
Tue CHFJPY 00-08UTC,Tue,CHFJPY,0,8,23,39,59,0.1683918175949657,-0.03,-2.75,36,69,0.40497452645946236,6,12,-1.04,False,False,False
Fri EURAUD 16-20UTC,Fri,EURAUD,16,4,23,39,59,0.1683918175949657,-0.03,-1.01,28,69,0.9544067547164943,4,12,-2.67,False,False,False
WedS XAUUSD 08-16UTC,WedS,XAUUSD,8,8,23,39,59,0.1683918175949657,-0.03,-3.1,3,9,,5,12,2.55,False,False,False
TueS NAS100 00-04UTC,TueS,NAS100,0,4,22,31,71,0.014724686741828918,0.26,-0.9,34,42,3.438555745560734e-05,4,9,0.97,False,True,True
ThuS CADJPY 08-16UTC,ThuS,CADJPY,8,8,22,39,56,0.26119869024842046,0.25,-2.24,39,69,0.16777880911700757,6,12,0.13,False,False,False
WedS NZDJPY 16-20UTC,WedS,NZDJPY,16,4,22,39,56,0.26119869024842046,0.17,-1.02,32,69,0.7648157340709277,7,12,-1.77,False,False,False
TueS NZDJPY 00-08UTC,TueS,NZDJPY,0,8,22,39,56,0.26119869024842046,0.16,-2.04,38,69,0.2351842659290722,8,12,3.11,False,False,False
TueS EURAUD 12-16UTC,TueS,EURAUD,12,4,22,39,56,0.26119869024842046,0.15,-1.08,41,69,0.07401609034637918,5,12,-0.52,False,False,False
FriS NZDJPY 00-08UTC,FriS,NZDJPY,0,8,22,39,56,0.26119869024842046,0.14,-2.15,39,69,0.16777880911700757,7,12,1.36,False,False,False
TueS EURGBP 08-12UTC,TueS,EURGBP,8,4,22,39,56,0.26119869024842046,0.14,-0.79,45,69,0.0077161487268506326,5,12,1.07,False,False,True
FriS XAUUSD 08-16UTC,FriS,XAUUSD,8,8,22,39,56,0.26119869024842046,0.14,-3.14,7,9,,8,12,-2.28,False,False,False
FriS NZDJPY 00-04UTC,FriS,NZDJPY,0,4,22,39,56,0.26119869024842046,0.13,-1.24,44,69,0.014746746765658644,7,12,1.38,False,False,True
TueS EURAUD 08-16UTC,TueS,EURAUD,8,8,22,39,56,0.26119869024842046,0.13,-1.75,42,69,0.04559324528350576,6,12,0.52,False,False,True
ThuS XAUUSD 00-04UTC,ThuS,XAUUSD,0,4,22,39,56,0.26119869024842046,0.13,-1.15,5,9,,7,12,2.92,False,False,False
Wed CHFJPY 08-16UTC,Wed,CHFJPY,8,8,22,39,56,0.26119869024842046,0.12,-2.18,32,69,0.7648157340709277,5,12,-0.66,False,False,False
MonS NZDJPY 00-04UTC,MonS,NZDJPY,0,4,22,39,56,0.26119869024842046,0.12,-1.57,33,69,0.684771754106601,7,12,2.08,False,False,False
FriS EURAUD 00-08UTC,FriS,EURAUD,0,8,22,39,56,0.26119869024842046,0.11,-1.23,36,69,0.40497452645946236,4,12,-2.73,False,False,False
WedS CADJPY 16-20UTC,WedS,CADJPY,16,4,22,39,56,0.26119869024842046,0.1,-0.78,29,69,0.9259839096536209,3,12,-3.16,False,False,False
Thu XAUUSD 16-00UTC,Thu,XAUUSD,16,8,22,39,56,0.26119869024842046,0.1,-1.37,3,9,,10,12,8.32,False,False,False
ThuS CADJPY 12-16UTC,ThuS,CADJPY,12,4,22,39,56,0.26119869024842046,0.09,-1.31,41,69,0.07401609034637918,5,12,-1.34,False,False,False
TueS CHFJPY 08-12UTC,TueS,CHFJPY,8,4,22,39,56,0.26119869024842046,0.09,-0.74,38,69,0.2351842659290722,7,12,0.64,False,False,False
Wed CHFJPY 00-04UTC,Wed,CHFJPY,0,4,22,39,56,0.26119869024842046,0.09,-0.97,24,69,0.9961897390724872,7,12,-0.01,False,False,False
WedS EURGBP 12-16UTC,WedS,EURGBP,12,4,22,39,56,0.26119869024842046,0.09,-0.79,44,69,0.014746746765658644,7,12,0.15,False,False,True
FriS EURGBP 08-16UTC,FriS,EURGBP,8,8,22,39,56,0.26119869024842046,0.09,-1.75,35,69,0.5,7,12,-0.79,False,False,False
WedS GBPAUD 00-08UTC,WedS,GBPAUD,0,8,22,39,56,0.26119869024842046,0.09,-1.72,36,69,0.40497452645946236,9,12,4.77,False,False,False
Wed GBPAUD 16-00UTC,Wed,GBPAUD,16,8,22,39,56,0.26119869024842046,0.09,-0.67,31,69,0.8322211908829924,5,12,-2.31,False,False,False
FriS XAUUSD 12-16UTC,FriS,XAUUSD,12,4,22,39,56,0.26119869024842046,0.09,-2.51,6,9,,5,12,-3.71,False,False,False
FriS EURGBP 12-16UTC,FriS,EURGBP,12,4,22,39,56,0.26119869024842046,0.08,-1.21,38,69,0.2351842659290722,6,12,-0.66,False,False,False
ThuS CADJPY 16-20UTC,ThuS,CADJPY,16,4,22,39,56,0.26119869024842046,0.07,-0.96,42,69,0.04559324528350576,8,12,1.08,False,False,True
TueS CHFJPY 08-16UTC,TueS,CHFJPY,8,8,22,39,56,0.26119869024842046,0.07,-1.12,39,69,0.16777880911700757,5,12,-1.1,False,False,False
FriS CHFJPY 00-04UTC,FriS,CHFJPY,0,4,22,39,56,0.26119869024842046,0.07,-0.65,39,69,0.16777880911700757,5,12,-0.6,False,False,False
WedS EURGBP 08-16UTC,WedS,EURGBP,8,8,22,39,56,0.26119869024842046,0.07,-1.44,47,69,0.0017724064235105262,6,12,0.02,False,False,True
MonS EURAUD 08-16UTC,MonS,EURAUD,8,8,22,39,56,0.26119869024842046,0.07,-2.2,37,69,0.315228245893399,7,12,0.35,False,False,False
Wed XAUUSD 20-00UTC,Wed,XAUUSD,20,4,22,39,56,0.26119869024842046,0.07,-0.64,2,9,,9,12,2.02,False,False,False
Mon CHFJPY 12-16UTC,Mon,CHFJPY,12,4,22,39,56,0.26119869024842046,0.06,-1.19,36,69,0.40497452645946236,7,12,0.78,False,False,False
Wed NZDJPY 00-08UTC,Wed,NZDJPY,0,8,22,39,56,0.26119869024842046,0.06,-3.27,37,69,0.315228245893399,7,12,0.11,False,False,False
Tue GBPAUD 04-08UTC,Tue,GBPAUD,4,4,22,39,56,0.26119869024842046,0.06,-1.52,33,69,0.684771754106601,4,12,-1.0,False,False,False
Tue CADJPY 16-20UTC,Tue,CADJPY,16,4,22,39,56,0.26119869024842046,0.05,-0.66,29,69,0.9259839096536209,6,12,0.47,False,False,False
FriS XAUUSD 04-08UTC,FriS,XAUUSD,4,4,22,39,56,0.26119869024842046,0.05,-1.29,4,9,,8,12,1.94,False,False,False
Mon CHFJPY 04-08UTC,Mon,CHFJPY,4,4,22,39,56,0.26119869024842046,0.04,-1.9,34,69,0.5950254735405377,6,12,-0.13,False,False,False
ThuS CHFJPY 16-20UTC,ThuS,CHFJPY,16,4,22,39,56,0.26119869024842046,0.04,-1.18,39,69,0.16777880911700757,4,12,-2.06,False,False,False
MonS EURAUD 00-04UTC,MonS,EURAUD,0,4,22,39,56,0.26119869024842046,0.04,-0.92,50,69,0.00012219850828878748,8,12,1.07,False,False,True
TueS EURAUD 08-12UTC,TueS,EURAUD,8,4,22,39,56,0.26119869024842046,0.04,-1.43,43,69,0.026644681908256817,9,12,1.65,False,False,True
MonS CHFJPY 16-20UTC,MonS,CHFJPY,16,4,22,39,56,0.26119869024842046,0.03,-0.46,40,69,0.11420011267664848,3,12,-1.55,False,False,False
MonS EURAUD 20-00UTC,MonS,EURAUD,20,4,22,39,56,0.26119869024842046,0.03,-0.3,40,69,0.11420011267664848,5,12,0.09,False,False,False
ThuS EURAUD 12-16UTC,ThuS,EURAUD,12,4,22,39,56,0.26119869024842046,0.03,-1.17,30,69,0.8857998873233515,7,12,0.3,False,False,False
FriS XAUUSD 20-00UTC,FriS,XAUUSD,20,4,22,39,56,0.26119869024842046,0.03,-0.78,5,9,,8,12,0.72,False,False,False
MonS NZDJPY 12-16UTC,MonS,NZDJPY,12,4,22,39,56,0.26119869024842046,0.02,-1.58,36,69,0.40497452645946236,7,12,-0.26,False,False,False
Tue GBPAUD 00-04UTC,Tue,GBPAUD,0,4,22,39,56,0.26119869024842046,0.02,-0.76,26,69,0.9852532532343413,5,12,0.04,False,False,False
Fri GBPAUD 16-20UTC,Fri,GBPAUD,16,4,22,39,56,0.26119869024842046,0.02,-0.84,27,69,0.9733553180917431,7,12,-0.42,False,False,False
ThuS EURAUD 20-00UTC,ThuS,EURAUD,20,4,22,39,56,0.26119869024842046,0.01,-0.47,42,69,0.04559324528350576,4,12,-1.0,False,False,True
MonS NZDJPY 16-00UTC,MonS,NZDJPY,16,8,22,39,56,0.26119869024842046,-0.0,-1.85,40,69,0.11420011267664848,6,12,-0.11,False,False,False
TueS GBPAUD 08-12UTC,TueS,GBPAUD,8,4,22,39,56,0.26119869024842046,-0.01,-1.1,43,69,0.026644681908256817,7,12,1.63,False,False,True
Tue XAUUSD 00-04UTC,Tue,XAUUSD,0,4,22,39,56,0.26119869024842046,-0.02,-1.22,5,9,,10,12,5.32,False,False,False
Wed NZDJPY 04-08UTC,Wed,NZDJPY,4,4,22,39,56,0.26119869024842046,-0.03,-2.63,29,69,0.9259839096536209,7,12,0.12,False,False,False
TueS GBPAUD 08-16UTC,TueS,GBPAUD,8,8,22,39,56,0.26119869024842046,-0.08,-1.73,34,69,0.5950254735405377,6,12,0.66,False,False,False
Wed XAUUSD 16-20UTC,Wed,XAUUSD,16,4,22,39,56,0.26119869024842046,-0.12,-1.6,4,9,,6,12,0.46,False,False,False
ThuS NAS100 16-00UTC,ThuS,NAS100,16,8,21,31,68,0.035377772990614176,0.4,-3.27,23,42,0.32198447818518616,4,9,3.36,False,True,False
FriS NAS100 20-00UTC,FriS,NAS100,20,4,21,31,68,0.035377772990614176,0.18,-0.88,28,42,0.021779260961920954,6,9,0.92,False,True,True
WedS NAS100 04-08UTC,WedS,NAS100,4,4,21,31,68,0.035377772990614176,0.17,-1.62,20,42,0.6780155218148138,3,9,-2.8,False,True,False
FriS NAS100 00-08UTC,FriS,NAS100,0,8,21,31,68,0.035377772990614176,0.13,-1.57,24,42,0.22039953367129783,5,9,1.56,False,True,False
ThuS XAUUSD 12-16UTC,ThuS,XAUUSD,12,4,21,39,54,0.37462931238042074,0.24,-2.6,6,9,,6,12,-0.23,False,False,False
FriS XAUUSD 08-12UTC,FriS,XAUUSD,8,4,21,39,54,0.37462931238042074,0.19,-1.04,7,9,,7,12,3.07,False,False,False
FriS NZDJPY 08-16UTC,FriS,NZDJPY,8,8,21,39,54,0.37462931238042074,0.17,-1.85,48,69,0.0007751584747434322,7,12,4.13,False,False,True
Fri XAUUSD 00-08UTC,Fri,XAUUSD,0,8,21,39,54,0.37462931238042074,0.17,-1.29,4,9,,6,12,-3.82,False,False,False
MonS XAUUSD 08-12UTC,MonS,XAUUSD,8,4,21,39,54,0.37462931238042074,0.15,-0.95,5,9,,4,12,-4.4,False,False,False
Wed CHFJPY 00-08UTC,Wed,CHFJPY,0,8,21,39,54,0.37462931238042074,0.14,-2.02,23,69,0.9982275935764895,7,12,0.16,False,False,False
TueS NZDJPY 00-04UTC,TueS,NZDJPY,0,4,21,39,54,0.37462931238042074,0.14,-1.3,34,69,0.5950254735405377,9,12,1.89,False,False,False
TueS CADJPY 00-08UTC,TueS,CADJPY,0,8,21,39,54,0.37462931238042074,0.13,-1.48,34,69,0.5950254735405377,10,12,3.14,False,False,False
ThuS NZDJPY 16-20UTC,ThuS,NZDJPY,16,4,21,39,54,0.37462931238042074,0.13,-0.97,45,69,0.0077161487268506326,7,12,1.86,False,False,True
ThuS NZDJPY 16-00UTC,ThuS,NZDJPY,16,8,21,39,54,0.37462931238042074,0.13,-1.03,44,69,0.014746746765658644,9,12,2.8,False,False,True
Tue EURAUD 00-08UTC,Tue,EURAUD,0,8,21,39,54,0.37462931238042074,0.13,-2.08,30,69,0.8857998873233515,6,12,0.38,False,False,False
FriS CADJPY 08-12UTC,FriS,CADJPY,8,4,21,39,54,0.37462931238042074,0.12,-0.69,43,69,0.026644681908256817,6,12,0.99,False,False,True
FriS CADJPY 16-20UTC,FriS,CADJPY,16,4,21,39,54,0.37462931238042074,0.12,-0.91,43,69,0.026644681908256817,5,12,0.57,False,False,True
MonS GBPAUD 12-16UTC,MonS,GBPAUD,12,4,21,39,54,0.37462931238042074,0.11,-1.21,36,69,0.40497452645946236,7,12,0.0,False,False,False
FriS NZDJPY 08-12UTC,FriS,NZDJPY,8,4,21,39,54,0.37462931238042074,0.1,-0.83,42,69,0.04559324528350576,8,12,2.53,False,False,True
TueS XAUUSD 16-20UTC,TueS,XAUUSD,16,4,21,39,54,0.37462931238042074,0.1,-1.39,4,9,,3,12,-2.61,False,False,False
TueS XAUUSD 08-16UTC,TueS,XAUUSD,8,8,21,39,54,0.37462931238042074,0.1,-3.36,6,9,,7,12,1.9,False,False,False
WedS CHFJPY 16-00UTC,WedS,CHFJPY,16,8,21,39,54,0.37462931238042074,0.09,-0.84,32,69,0.7648157340709277,9,12,4.21,False,False,False
Tue EURAUD 04-08UTC,Tue,EURAUD,4,4,21,39,54,0.37462931238042074,0.09,-1.43,40,69,0.11420011267664848,6,12,-0.23,False,False,False
MonS GBPAUD 00-08UTC,MonS,GBPAUD,0,8,21,39,54,0.37462931238042074,0.09,-1.31,40,69,0.11420011267664848,8,12,1.73,False,False,False
Fri XAUUSD 00-04UTC,Fri,XAUUSD,0,4,21,39,54,0.37462931238042074,0.09,-0.71,3,9,,4,12,-3.41,False,False,False
FriS CHFJPY 12-16UTC,FriS,CHFJPY,12,4,21,39,54,0.37462931238042074,0.08,-1.53,40,69,0.11420011267664848,6,12,0.55,False,False,False
TueS NZDJPY 08-12UTC,TueS,NZDJPY,8,4,21,39,54,0.37462931238042074,0.08,-1.51,38,69,0.2351842659290722,7,12,0.98,False,False,False
WedS EURAUD 12-16UTC,WedS,EURAUD,12,4,21,39,54,0.37462931238042074,0.08,-0.87,34,69,0.5950254735405377,4,12,-1.71,False,False,False
Fri GBPAUD 12-16UTC,Fri,GBPAUD,12,4,21,39,54,0.37462931238042074,0.08,-1.43,30,69,0.8857998873233515,2,12,-0.45,False,False,False
Wed XAUUSD 16-00UTC,Wed,XAUUSD,16,8,21,39,54,0.37462931238042074,0.08,-1.96,5,9,,9,12,4.1,False,False,False
ThuS CHFJPY 00-04UTC,ThuS,CHFJPY,0,4,21,39,54,0.37462931238042074,0.06,-0.82,46,69,0.0038102609275128484,9,12,2.09,False,False,True
TueS EURGBP 04-08UTC,TueS,EURGBP,4,4,21,39,54,0.37462931238042074,0.06,-0.69,36,69,0.40497452645946236,5,12,0.28,False,False,False
WedS EURGBP 00-08UTC,WedS,EURGBP,0,8,21,39,54,0.37462931238042074,0.06,-0.81,39,69,0.16777880911700757,6,12,-0.68,False,False,False
Mon GBPAUD 16-00UTC,Mon,GBPAUD,16,8,21,39,54,0.37462931238042074,0.06,-0.58,37,69,0.315228245893399,5,12,-0.62,False,False,False
Tue CADJPY 16-00UTC,Tue,CADJPY,16,8,21,39,54,0.37462931238042074,0.05,-1.02,30,69,0.8857998873233515,6,12,2.67,False,False,False
ThuS CADJPY 00-08UTC,ThuS,CADJPY,0,8,21,39,54,0.37462931238042074,0.05,-2.14,38,69,0.2351842659290722,7,12,2.3,False,False,False
Mon CHFJPY 00-08UTC,Mon,CHFJPY,0,8,21,39,54,0.37462931238042074,0.05,-2.06,27,69,0.9733553180917431,3,12,-1.86,False,False,False
FriS EURAUD 00-04UTC,FriS,EURAUD,0,4,21,39,54,0.37462931238042074,0.05,-0.98,36,69,0.40497452645946236,6,12,0.04,False,False,False
MonS CADJPY 16-00UTC,MonS,CADJPY,16,8,21,39,54,0.37462931238042074,0.04,-1.37,41,69,0.07401609034637918,7,12,0.31,False,False,False
FriS CHFJPY 08-16UTC,FriS,CHFJPY,8,8,21,39,54,0.37462931238042074,0.04,-1.82,42,69,0.04559324528350576,8,12,0.04,False,False,True
Thu NZDJPY 00-04UTC,Thu,NZDJPY,0,4,21,39,54,0.37462931238042074,0.04,-1.56,19,69,0.9999561566876858,4,12,-2.98,False,False,False
MonS EURAUD 08-12UTC,MonS,EURAUD,8,4,21,39,54,0.37462931238042074,0.04,-0.82,40,69,0.11420011267664848,7,12,0.22,False,False,False
FriS CADJPY 04-08UTC,FriS,CADJPY,4,4,21,39,54,0.37462931238042074,0.03,-0.84,41,69,0.07401609034637918,6,12,-0.59,False,False,False
Tue XAUUSD 00-08UTC,Tue,XAUUSD,0,8,21,39,54,0.37462931238042074,0.03,-1.58,4,9,,8,12,-0.01,False,False,False
WedS EURAUD 00-04UTC,WedS,EURAUD,0,4,21,39,54,0.37462931238042074,0.02,-1.11,35,69,0.5,6,12,1.08,False,False,False
ThuS EURAUD 08-16UTC,ThuS,EURAUD,8,8,21,39,54,0.37462931238042074,0.02,-2.52,31,69,0.8322211908829924,6,12,-0.02,False,False,False
Thu EURAUD 16-00UTC,Thu,EURAUD,16,8,21,39,54,0.37462931238042074,0.02,-0.75,30,69,0.8857998873233515,8,12,1.64,False,False,False
Mon GBPAUD 08-12UTC,Mon,GBPAUD,8,4,21,39,54,0.37462931238042074,0.02,-0.74,31,69,0.8322211908829924,7,12,0.89,False,False,False
Mon GBPAUD 20-00UTC,Mon,GBPAUD,20,4,21,39,54,0.37462931238042074,0.01,-0.53,35,69,0.5,4,12,-0.26,False,False,False
Thu GBPAUD 08-12UTC,Thu,GBPAUD,8,4,21,39,54,0.37462931238042074,0.01,-1.16,36,69,0.40497452645946236,6,12,0.29,False,False,False
ThuS GBPAUD 20-00UTC,ThuS,GBPAUD,20,4,21,39,54,0.37462931238042074,0.01,-0.55,33,69,0.684771754106601,5,12,0.39,False,False,False
Fri GBPAUD 08-12UTC,Fri,GBPAUD,8,4,21,39,54,0.37462931238042074,0.01,-1.86,30,69,0.8857998873233515,5,12,1.73,False,False,False
ThuS CHFJPY 20-00UTC,ThuS,CHFJPY,20,4,21,39,54,0.37462931238042074,-0.0,-1.04,38,69,0.2351842659290722,10,12,1.37,False,False,False
ThuS GBPAUD 12-16UTC,ThuS,GBPAUD,12,4,21,39,54,0.37462931238042074,-0.0,-1.68,33,69,0.684771754106601,7,12,0.26,False,False,False
Mon XAUUSD 20-00UTC,Mon,XAUUSD,20,4,21,39,54,0.37462931238042074,-0.0,-0.5,2,9,,6,12,1.14,False,False,False
Fri CHFJPY 00-08UTC,Fri,CHFJPY,0,8,21,39,54,0.37462931238042074,-0.02,-1.86,30,69,0.8857998873233515,8,12,3.18,False,False,False
MonS NZDJPY 08-12UTC,MonS,NZDJPY,8,4,21,39,54,0.37462931238042074,-0.02,-1.17,41,69,0.07401609034637918,6,12,0.7,False,False,False
Tue NZDJPY 16-20UTC,Tue,NZDJPY,16,4,21,39,54,0.37462931238042074,-0.02,-1.0,31,69,0.8322211908829924,5,12,-1.33,False,False,False
Mon EURAUD 16-00UTC,Mon,EURAUD,16,8,21,39,54,0.37462931238042074,-0.02,-0.81,34,69,0.5950254735405377,5,12,-0.86,False,False,False
Tue EURAUD 00-04UTC,Tue,EURAUD,0,4,21,39,54,0.37462931238042074,-0.02,-1.17,28,69,0.9544067547164943,7,12,0.02,False,False,False
Mon CADJPY 00-08UTC,Mon,CADJPY,0,8,21,39,54,0.37462931238042074,-0.03,-2.52,36,69,0.40497452645946236,5,12,-2.39,False,False,False
Thu CADJPY 04-08UTC,Thu,CADJPY,4,4,21,39,54,0.37462931238042074,-0.03,-1.75,27,69,0.9733553180917431,6,12,0.37,False,False,False
TueS CHFJPY 16-20UTC,TueS,CHFJPY,16,4,21,39,54,0.37462931238042074,-0.03,-0.73,46,69,0.0038102609275128484,3,12,-1.68,False,False,True
Wed EURAUD 08-12UTC,Wed,EURAUD,8,4,21,39,54,0.37462931238042074,-0.03,-1.13,18,69,0.9999853478391273,5,12,-0.01,False,False,False
TueS GBPAUD 12-16UTC,TueS,GBPAUD,12,4,21,39,54,0.37462931238042074,-0.03,-1.3,35,69,0.5,4,12,-0.46,False,False,False
Fri XAUUSD 16-00UTC,Fri,XAUUSD,16,8,21,39,54,0.37462931238042074,-0.03,-2.36,4,9,,5,12,-3.51,False,False,False
Thu XAUUSD 00-08UTC,Thu,XAUUSD,0,8,21,39,54,0.37462931238042074,-0.04,-2.11,4,9,,3,12,-5.98,False,False,False
Tue XAUUSD 12-16UTC,Tue,XAUUSD,12,4,21,39,54,0.37462931238042074,-0.06,-2.78,2,9,,4,12,-4.54,False,False,False
Tue CADJPY 00-04UTC,Tue,CADJPY,0,4,21,39,54,0.37462931238042074,-0.07,-2.42,30,69,0.8857998873233515,5,12,-1.42,False,False,False
Tue CADJPY 08-12UTC,Tue,CADJPY,8,4,21,39,54,0.37462931238042074,-0.09,-1.72,28,69,0.9544067547164943,7,12,0.13,False,False,False
Tue CADJPY 12-16UTC,Tue,CADJPY,12,4,21,39,54,0.37462931238042074,-0.12,-1.67,28,69,0.9544067547164943,7,12,0.93,False,False,False
MonS NAS100 04-08UTC,MonS,NAS100,4,4,20,31,65,0.07480639219284058,0.1,-2.44,17,42,0.9179252991084468,4,9,-2.37,False,False,False
Mon CADJPY 12-16UTC,Mon,CADJPY,12,4,20,39,51,0.5,0.14,-1.41,27,69,0.9733553180917431,4,12,0.52,False,False,False
TueS CADJPY 04-08UTC,TueS,CADJPY,4,4,20,39,51,0.5,0.14,-0.87,43,69,0.026644681908256817,11,12,2.69,False,False,True
FriS CADJPY 08-16UTC,FriS,CADJPY,8,8,20,39,51,0.5,0.14,-3.17,42,69,0.04559324528350576,6,12,1.2,False,False,True
TueS NZDJPY 04-08UTC,TueS,NZDJPY,4,4,20,39,51,0.5,0.13,-1.1,42,69,0.04559324528350576,7,12,2.43,False,False,True
Tue GBPAUD 00-08UTC,Tue,GBPAUD,0,8,20,39,51,0.5,0.13,-2.03,25,69,0.9922838512731493,5,12,-0.45,False,False,False
FriS XAUUSD 16-20UTC,FriS,XAUUSD,16,4,20,39,51,0.5,0.13,-1.56,6,9,,8,12,4.43,False,False,False
Wed CADJPY 00-04UTC,Wed,CADJPY,0,4,20,39,51,0.5,0.12,-1.11,28,69,0.9544067547164943,5,12,-1.97,False,False,False
FriS CADJPY 00-04UTC,FriS,CADJPY,0,4,20,39,51,0.5,0.11,-0.96,42,69,0.04559324528350576,6,12,0.7,False,False,True
FriS CADJPY 12-16UTC,FriS,CADJPY,12,4,20,39,51,0.5,0.1,-3.04,37,69,0.315228245893399,6,12,1.19,False,False,False
Thu NZDJPY 00-08UTC,Thu,NZDJPY,0,8,20,39,51,0.5,0.09,-2.34,27,69,0.9733553180917431,5,12,-3.6,False,False,False
WedS GBPAUD 08-16UTC,WedS,GBPAUD,8,8,20,39,51,0.5,0.09,-1.51,35,69,0.5,5,12,-1.26,False,False,False
MonS EURAUD 12-16UTC,MonS,EURAUD,12,4,20,39,51,0.5,0.08,-1.73,37,69,0.315228245893399,7,12,0.72,False,False,False
MonS EURAUD 00-08UTC,MonS,EURAUD,0,8,20,39,51,0.5,0.07,-1.26,42,69,0.04559324528350576,9,12,3.28,False,False,True
Wed NZDJPY 12-16UTC,Wed,NZDJPY,12,4,20,39,51,0.5,0.05,-1.55,31,69,0.8322211908829924,5,12,-1.73,False,False,False
ThuS EURAUD 08-12UTC,ThuS,EURAUD,8,4,20,39,51,0.5,0.05,-1.29,38,69,0.2351842659290722,8,12,0.27,False,False,False
MonS CADJPY 16-20UTC,MonS,CADJPY,16,4,20,39,51,0.5,0.04,-0.6,37,69,0.315228245893399,6,12,-0.57,False,False,False
TueS CHFJPY 04-08UTC,TueS,CHFJPY,4,4,20,39,51,0.5,0.04,-1.05,37,69,0.315228245893399,9,12,1.86,False,False,False
WedS GBPAUD 08-12UTC,WedS,GBPAUD,8,4,20,39,51,0.5,0.03,-1.03,37,69,0.315228245893399,6,12,-0.02,False,False,False
Mon XAUUSD 16-00UTC,Mon,XAUUSD,16,8,20,39,51,0.5,0.03,-1.04,4,9,,9,12,3.59,False,False,False
Thu CHFJPY 16-00UTC,Thu,CHFJPY,16,8,20,39,51,0.5,0.02,-1.84,34,69,0.5950254735405377,7,12,1.28,False,False,False
FriS CHFJPY 04-08UTC,FriS,CHFJPY,4,4,20,39,51,0.5,0.02,-1.27,41,69,0.07401609034637918,2,12,-1.96,False,False,False
ThuS EURAUD 16-20UTC,ThuS,EURAUD,16,4,20,39,51,0.5,0.02,-0.97,38,69,0.2351842659290722,7,12,-0.06,False,False,False
WedS XAUUSD 12-16UTC,WedS,XAUUSD,12,4,20,39,51,0.5,0.02,-2.21,4,9,,6,12,0.42,False,False,False
WedS CHFJPY 04-08UTC,WedS,CHFJPY,4,4,20,39,51,0.5,0.01,-0.89,42,69,0.04559324528350576,7,12,0.39,False,False,True
WedS NZDJPY 00-04UTC,WedS,NZDJPY,0,4,20,39,51,0.5,0.01,-2.45,34,69,0.5950254735405377,7,12,1.15,False,False,False
Mon CHFJPY 16-00UTC,Mon,CHFJPY,16,8,20,39,51,0.5,0.0,-0.63,23,69,0.9982275935764895,5,12,0.22,False,False,False
Wed EURAUD 20-00UTC,Wed,EURAUD,20,4,20,39,51,0.5,0.0,-0.39,37,69,0.315228245893399,5,12,0.39,False,False,False
WedS GBPAUD 00-04UTC,WedS,GBPAUD,0,4,20,39,51,0.5,0.0,-0.99,37,69,0.315228245893399,10,12,2.2,False,False,False
Wed CADJPY 12-16UTC,Wed,CADJPY,12,4,20,39,51,0.5,-0.01,-1.37,38,69,0.2351842659290722,4,12,-1.78,False,False,False
MonS NZDJPY 00-08UTC,MonS,NZDJPY,0,8,20,39,51,0.5,-0.01,-1.45,34,69,0.5950254735405377,5,12,-0.25,False,False,False
ThuS XAUUSD 20-00UTC,ThuS,XAUUSD,20,4,20,39,51,0.5,-0.01,-0.73,7,9,,5,12,-3.86,False,False,False
Fri CHFJPY 08-12UTC,Fri,CHFJPY,8,4,20,39,51,0.5,-0.02,-0.91,23,69,0.9982275935764895,7,12,-0.09,False,False,False
Fri EURAUD 08-12UTC,Fri,EURAUD,8,4,20,39,51,0.5,-0.02,-0.93,30,69,0.8857998873233515,6,12,1.74,False,False,False
Thu XAUUSD 04-08UTC,Thu,XAUUSD,4,4,20,39,51,0.5,-0.03,-1.37,5,9,,5,12,-4.64,False,False,False
Thu XAUUSD 08-16UTC,Thu,XAUUSD,8,8,20,39,51,0.5,-0.03,-3.03,3,9,,6,12,4.96,False,False,False
Tue CHFJPY 00-04UTC,Tue,CHFJPY,0,4,20,39,51,0.5,-0.04,-2.14,23,69,0.9982275935764895,7,12,0.24,False,False,False
Tue NZDJPY 20-00UTC,Tue,NZDJPY,20,4,20,39,51,0.5,-0.04,-0.9,24,69,0.9961897390724872,8,12,1.76,False,False,False
Mon GBPAUD 08-16UTC,Mon,GBPAUD,8,8,20,39,51,0.5,-0.04,-1.71,28,69,0.9544067547164943,6,12,1.38,False,False,False
Fri CADJPY 00-08UTC,Fri,CADJPY,0,8,20,39,51,0.5,-0.06,-2.09,32,69,0.7648157340709277,5,12,0.84,False,False,False
TueS CHFJPY 16-00UTC,TueS,CHFJPY,16,8,20,39,51,0.5,-0.06,-1.02,44,69,0.014746746765658644,5,12,-2.51,False,False,True
ThuS GBPAUD 08-16UTC,ThuS,GBPAUD,8,8,20,39,51,0.5,-0.07,-1.91,33,69,0.684771754106601,7,12,-0.58,False,False,False
Fri GBPAUD 00-04UTC,Fri,GBPAUD,0,4,20,39,51,0.5,-0.07,-0.89,31,69,0.8322211908829924,4,12,-0.47,False,False,False
Tue XAUUSD 16-00UTC,Tue,XAUUSD,16,8,20,39,51,0.5,-0.07,-1.76,4,9,,10,12,3.45,False,False,False
Fri CHFJPY 16-20UTC,Fri,CHFJPY,16,4,20,39,51,0.5,-0.08,-1.41,26,69,0.9852532532343413,5,12,-1.04,False,False,False
WedS EURAUD 16-20UTC,WedS,EURAUD,16,4,20,39,51,0.5,-0.08,-1.26,41,69,0.07401609034637918,9,12,5.51,False,False,False
Wed EURAUD 08-16UTC,Wed,EURAUD,8,8,20,39,51,0.5,-0.08,-1.78,27,69,0.9733553180917431,7,12,2.31,False,False,False
ThuS XAUUSD 08-12UTC,ThuS,XAUUSD,8,4,20,39,51,0.5,-0.08,-2.39,7,9,,5,12,-3.27,False,False,False
MonS CADJPY 08-12UTC,MonS,CADJPY,8,4,20,39,51,0.5,-0.09,-1.08,38,69,0.2351842659290722,6,12,1.85,False,False,False
Tue XAUUSD 04-08UTC,Tue,XAUUSD,4,4,20,39,51,0.5,-0.09,-1.68,3,9,,4,12,-6.53,False,False,False
WedS CADJPY 00-08UTC,WedS,CADJPY,0,8,20,39,51,0.5,-0.1,-2.68,47,69,0.0017724064235105262,6,12,1.0,False,False,True
Tue CADJPY 08-16UTC,Tue,CADJPY,8,8,20,39,51,0.5,-0.12,-2.24,26,69,0.9852532532343413,7,12,2.05,False,False,False
WedS NAS100 16-20UTC,WedS,NAS100,16,4,19,31,61,0.14052075752988458,0.3,-1.96,20,42,0.6780155218148138,2,9,-12.47,False,False,False
FriS NAS100 00-04UTC,FriS,NAS100,0,4,19,31,61,0.14052075752988458,0.17,-1.33,36,42,1.4144388842396438e-06,4,9,-0.56,False,False,True
Mon NAS100 12-16UTC,Mon,NAS100,12,4,19,31,61,0.14052075752988458,0.11,-3.27,24,42,0.22039953367129783,6,9,2.08,False,False,False
FriS NAS100 04-08UTC,FriS,NAS100,4,4,19,31,61,0.14052075752988458,0.1,-1.84,27,42,0.044214773493877146,5,9,3.33,False,False,True
Mon NAS100 16-20UTC,Mon,NAS100,16,4,19,31,61,0.14052075752988458,0.07,-2.7,25,42,0.13997811926446957,6,9,3.94,False,False,False
TueS CADJPY 08-16UTC,TueS,CADJPY,8,8,19,39,49,0.6253706876195793,0.12,-1.42,43,69,0.026644681908256817,5,12,-2.07,False,False,True
Wed CADJPY 00-08UTC,Wed,CADJPY,0,8,19,39,49,0.6253706876195793,0.1,-2.53,22,69,0.9992248415252566,6,12,-1.03,False,False,False
Mon CADJPY 08-12UTC,Mon,CADJPY,8,4,19,39,49,0.6253706876195793,0.09,-0.93,31,69,0.8322211908829924,6,12,-1.85,False,False,False
TueS XAUUSD 04-08UTC,TueS,XAUUSD,4,4,19,39,49,0.6253706876195793,0.09,-0.98,6,9,,8,12,6.86,False,False,False
FriS CHFJPY 16-20UTC,FriS,CHFJPY,16,4,19,39,49,0.6253706876195793,0.08,-0.77,43,69,0.026644681908256817,7,12,1.04,False,False,True
Wed EURAUD 16-20UTC,Wed,EURAUD,16,4,19,39,49,0.6253706876195793,0.08,-0.6,28,69,0.9544067547164943,3,12,-5.34,False,False,False
WedS EURAUD 08-16UTC,WedS,EURAUD,8,8,19,39,49,0.6253706876195793,0.08,-0.95,41,69,0.07401609034637918,5,12,-2.29,False,False,False
Thu XAUUSD 08-12UTC,Thu,XAUUSD,8,4,19,39,49,0.6253706876195793,0.08,-1.7,2,9,,7,12,3.3,False,False,False
Thu GBPAUD 08-16UTC,Thu,GBPAUD,8,8,19,39,49,0.6253706876195793,0.07,-2.62,36,69,0.40497452645946236,5,12,0.5,False,False,False
FriS GBPAUD 00-04UTC,FriS,GBPAUD,0,4,19,39,49,0.6253706876195793,0.07,-0.83,38,69,0.2351842659290722,8,12,0.45,False,False,False
TueS XAUUSD 16-00UTC,TueS,XAUUSD,16,8,19,39,49,0.6253706876195793,0.07,-1.56,5,9,,2,12,-3.48,False,False,False
FriS CADJPY 00-08UTC,FriS,CADJPY,0,8,19,39,49,0.6253706876195793,0.06,-1.58,37,69,0.315228245893399,7,12,-0.87,False,False,False
Tue CHFJPY 16-00UTC,Tue,CHFJPY,16,8,19,39,49,0.6253706876195793,0.06,-0.44,25,69,0.9922838512731493,7,12,2.56,False,False,False
TueS CHFJPY 00-04UTC,TueS,CHFJPY,0,4,19,39,49,0.6253706876195793,0.04,-0.74,46,69,0.0038102609275128484,5,12,-0.25,False,False,True
TueS NZDJPY 20-00UTC,TueS,NZDJPY,20,4,19,39,49,0.6253706876195793,0.04,-0.58,45,69,0.0077161487268506326,4,12,-1.75,False,False,True
MonS GBPAUD 08-16UTC,MonS,GBPAUD,8,8,19,39,49,0.6253706876195793,0.04,-1.06,41,69,0.07401609034637918,6,12,-1.4,False,False,False
ThuS XAUUSD 04-08UTC,ThuS,XAUUSD,4,4,19,39,49,0.6253706876195793,0.03,-1.22,4,9,,7,12,4.78,False,False,False
ThuS XAUUSD 08-16UTC,ThuS,XAUUSD,8,8,19,39,49,0.6253706876195793,0.03,-2.84,6,9,,6,12,-4.99,False,False,False
FriS CHFJPY 08-12UTC,FriS,CHFJPY,8,4,19,39,49,0.6253706876195793,0.02,-1.1,44,69,0.014746746765658644,5,12,0.07,False,False,True
FriS EURAUD 08-12UTC,FriS,EURAUD,8,4,19,39,49,0.6253706876195793,0.02,-1.07,38,69,0.2351842659290722,6,12,-1.77,False,False,False
WedS CADJPY 12-16UTC,WedS,CADJPY,12,4,19,39,49,0.6253706876195793,0.01,-1.55,31,69,0.8322211908829924,8,12,1.77,False,False,False
Mon NZDJPY 00-08UTC,Mon,NZDJPY,0,8,19,39,49,0.6253706876195793,0.01,-2.49,35,69,0.5,7,12,0.19,False,False,False
Thu XAUUSD 20-00UTC,Thu,XAUUSD,20,4,19,39,49,0.6253706876195793,0.01,-0.46,2,9,,7,12,3.98,False,False,False
MonS CHFJPY 16-00UTC,MonS,CHFJPY,16,8,19,39,49,0.6253706876195793,-0.0,-1.25,46,69,0.0038102609275128484,7,12,-0.23,False,False,True
WedS EURAUD 20-00UTC,WedS,EURAUD,20,4,19,39,49,0.6253706876195793,-0.0,-0.52,32,69,0.7648157340709277,7,12,-0.41,False,False,False
Wed GBPAUD 00-04UTC,Wed,GBPAUD,0,4,19,39,49,0.6253706876195793,-0.0,-1.64,32,69,0.7648157340709277,2,12,-2.16,False,False,False
Wed CHFJPY 04-08UTC,Wed,CHFJPY,4,4,19,39,49,0.6253706876195793,-0.01,-2.18,27,69,0.9733553180917431,5,12,-0.4,False,False,False
Wed NZDJPY 00-04UTC,Wed,NZDJPY,0,4,19,39,49,0.6253706876195793,-0.01,-2.08,35,69,0.5,5,12,-1.2,False,False,False
ThuS CHFJPY 16-00UTC,ThuS,CHFJPY,16,8,19,39,49,0.6253706876195793,-0.02,-1.34,35,69,0.5,5,12,-1.27,False,False,False
Fri CHFJPY 04-08UTC,Fri,CHFJPY,4,4,19,39,49,0.6253706876195793,-0.02,-0.91,28,69,0.9544067547164943,10,12,1.99,False,False,False
Thu EURAUD 16-20UTC,Thu,EURAUD,16,4,19,39,49,0.6253706876195793,-0.02,-0.78,30,69,0.8857998873233515,5,12,0.05,False,False,False
Wed XAUUSD 12-16UTC,Wed,XAUUSD,12,4,19,39,49,0.6253706876195793,-0.02,-2.07,5,9,,6,12,-0.56,False,False,False
Wed GBPAUD 08-12UTC,Wed,GBPAUD,8,4,19,39,49,0.6253706876195793,-0.03,-1.32,32,69,0.7648157340709277,6,12,0.0,False,False,False
MonS XAUUSD 16-00UTC,MonS,XAUUSD,16,8,19,39,49,0.6253706876195793,-0.03,-1.76,5,9,,3,12,-3.55,False,False,False
Mon CADJPY 16-20UTC,Mon,CADJPY,16,4,19,39,49,0.6253706876195793,-0.04,-0.63,32,69,0.7648157340709277,6,12,0.56,False,False,False
Tue CHFJPY 04-08UTC,Tue,CHFJPY,4,4,19,39,49,0.6253706876195793,-0.04,-1.09,32,69,0.7648157340709277,3,12,-1.85,False,False,False
WedS NZDJPY 12-16UTC,WedS,NZDJPY,12,4,19,39,49,0.6253706876195793,-0.05,-1.42,38,69,0.2351842659290722,7,12,1.73,False,False,False
Thu EURAUD 08-12UTC,Thu,EURAUD,8,4,19,39,49,0.6253706876195793,-0.05,-0.8,30,69,0.8857998873233515,4,12,-0.28,False,False,False
Mon EURAUD 00-08UTC,Mon,EURAUD,0,8,19,39,49,0.6253706876195793,-0.07,-1.19,27,69,0.9733553180917431,3,12,-3.21,False,False,False
Mon EURAUD 12-16UTC,Mon,EURAUD,12,4,19,39,49,0.6253706876195793,-0.08,-1.3,32,69,0.7648157340709277,5,12,-0.74,False,False,False
ThuS NZDJPY 00-08UTC,ThuS,NZDJPY,0,8,19,39,49,0.6253706876195793,-0.09,-2.02,42,69,0.04559324528350576,7,12,3.65,False,False,True
Wed GBPAUD 08-16UTC,Wed,GBPAUD,8,8,19,39,49,0.6253706876195793,-0.09,-1.53,34,69,0.5950254735405377,7,12,1.22,False,False,False
Fri CADJPY 12-16UTC,Fri,CADJPY,12,4,19,39,49,0.6253706876195793,-0.1,-2.02,31,69,0.8322211908829924,6,12,-1.24,False,False,False
Fri CADJPY 00-04UTC,Fri,CADJPY,0,4,19,39,49,0.6253706876195793,-0.11,-1.96,27,69,0.9733553180917431,6,12,-0.71,False,False,False
WedS CADJPY 00-04UTC,WedS,CADJPY,0,4,19,39,49,0.6253706876195793,-0.12,-2.58,41,69,0.07401609034637918,7,12,1.99,False,False,False
Tue NZDJPY 04-08UTC,Tue,NZDJPY,4,4,19,39,49,0.6253706876195793,-0.13,-1.46,27,69,0.9733553180917431,5,12,-2.4,False,False,False
Fri XAUUSD 16-20UTC,Fri,XAUUSD,16,4,19,39,49,0.6253706876195793,-0.13,-2.57,3,9,,4,12,-4.31,False,False,False
Tue CADJPY 04-08UTC,Tue,CADJPY,4,4,19,39,49,0.6253706876195793,-0.14,-1.56,26,69,0.9852532532343413,1,12,-2.65,False,False,False
Fri CADJPY 08-16UTC,Fri,CADJPY,8,8,19,39,49,0.6253706876195793,-0.14,-2.94,27,69,0.9733553180917431,6,12,-1.28,False,False,False
ThuS NAS100 16-20UTC,ThuS,NAS100,16,4,18,31,58,0.23656482994556427,0.34,-2.61,26,42,0.08207470089155322,6,9,6.36,False,False,False
MonS NAS100 08-12UTC,MonS,NAS100,8,4,18,31,58,0.23656482994556427,0.24,-1.39,22,42,0.43880716437615774,4,9,-1.39,False,False,False
Fri NAS100 16-20UTC,Fri,NAS100,16,4,18,31,58,0.23656482994556427,0.22,-3.79,17,42,0.9179252991084468,5,9,-0.84,False,False,False
Tue NAS100 16-00UTC,Tue,NAS100,16,8,18,31,58,0.23656482994556427,0.21,-3.1,22,42,0.43880716437615774,4,9,-1.26,False,False,False
TueS NAS100 00-08UTC,TueS,NAS100,0,8,18,31,58,0.23656482994556427,0.19,-1.43,18,42,0.8600218807355304,6,9,1.12,False,False,False
TueS NAS100 04-08UTC,TueS,NAS100,4,4,18,31,58,0.23656482994556427,0.06,-1.27,22,42,0.43880716437615774,5,9,1.35,False,False,False
WedS NAS100 00-04UTC,WedS,NAS100,0,4,18,31,58,0.23656482994556427,0.03,-2.06,36,42,1.4144388842396438e-06,8,9,3.11,False,False,True
WedS NAS100 08-12UTC,WedS,NAS100,8,4,18,31,58,0.23656482994556427,0.01,-2.71,23,42,0.32198447818518616,5,9,0.68,False,False,False
Mon NAS100 08-16UTC,Mon,NAS100,8,8,18,31,58,0.23656482994556427,0.0,-4.05,19,42,0.7796004663287022,6,9,4.69,False,False,False
Thu NAS100 08-12UTC,Thu,NAS100,8,4,18,31,58,0.23656482994556427,0.0,-2.21,17,42,0.9179252991084468,1,9,-3.53,False,False,False
Wed NAS100 12-16UTC,Wed,NAS100,12,4,18,31,58,0.23656482994556427,-0.02,-4.31,24,42,0.22039953367129783,4,9,-2.2,False,False,False
Thu NAS100 00-08UTC,Thu,NAS100,0,8,18,31,58,0.23656482994556427,-0.06,-3.28,18,42,0.8600218807355304,5,9,0.45,False,False,False
TueS CADJPY 12-16UTC,TueS,CADJPY,12,4,18,39,46,0.7388013097515795,0.12,-1.06,41,69,0.07401609034637918,5,12,-0.97,False,False,False
TueS CADJPY 08-12UTC,TueS,CADJPY,8,4,18,39,46,0.7388013097515795,0.09,-0.67,41,69,0.07401609034637918,5,12,-0.16,False,False,False
TueS XAUUSD 12-16UTC,TueS,XAUUSD,12,4,18,39,46,0.7388013097515795,0.06,-2.82,7,9,,8,12,4.5,False,False,False
ThuS XAUUSD 00-08UTC,ThuS,XAUUSD,0,8,18,39,46,0.7388013097515795,0.04,-1.95,5,9,,9,12,6.19,False,False,False
MonS CADJPY 00-08UTC,MonS,CADJPY,0,8,18,39,46,0.7388013097515795,0.03,-1.18,33,69,0.684771754106601,7,12,2.4,False,False,False
ThuS CADJPY 04-08UTC,ThuS,CADJPY,4,4,18,39,46,0.7388013097515795,0.03,-1.15,42,69,0.04559324528350576,6,12,-0.39,False,False,True
WedS EURAUD 08-12UTC,WedS,EURAUD,8,4,18,39,46,0.7388013097515795,0.03,-1.03,51,69,4.3843312314230094e-05,7,12,-0.0,False,False,True
FriS CHFJPY 00-08UTC,FriS,CHFJPY,0,8,18,39,46,0.7388013097515795,0.02,-1.25,39,69,0.16777880911700757,3,12,-3.11,False,False,False
Mon NZDJPY 08-12UTC,Mon,NZDJPY,8,4,18,39,46,0.7388013097515795,0.02,-1.23,28,69,0.9544067547164943,6,12,-0.73,False,False,False
TueS NZDJPY 16-20UTC,TueS,NZDJPY,16,4,18,39,46,0.7388013097515795,0.02,-0.82,38,69,0.2351842659290722,7,12,1.31,False,False,False
MonS EURAUD 16-00UTC,MonS,EURAUD,16,8,18,39,46,0.7388013097515795,0.02,-0.81,35,69,0.5,7,12,0.85,False,False,False
FriS XAUUSD 16-00UTC,FriS,XAUUSD,16,8,18,39,46,0.7388013097515795,0.02,-1.57,5,9,,7,12,3.56,False,False,False
Thu CHFJPY 20-00UTC,Thu,CHFJPY,20,4,18,39,46,0.7388013097515795,0.0,-0.58,31,69,0.8322211908829924,2,12,-1.35,False,False,False
Thu GBPAUD 12-16UTC,Thu,GBPAUD,12,4,18,39,46,0.7388013097515795,0.0,-2.45,35,69,0.5,5,12,-0.29,False,False,False
FriS GBPAUD 08-12UTC,FriS,GBPAUD,8,4,18,39,46,0.7388013097515795,-0.0,-1.13,39,69,0.16777880911700757,7,12,-1.74,False,False,False
MonS XAUUSD 20-00UTC,MonS,XAUUSD,20,4,18,39,46,0.7388013097515795,0.0,-0.39,7,9,,6,12,-1.17,False,False,False
MonS GBPAUD 20-00UTC,MonS,GBPAUD,20,4,18,39,46,0.7388013097515795,-0.01,-0.61,34,69,0.5950254735405377,8,12,0.26,False,False,False
ThuS GBPAUD 08-12UTC,ThuS,GBPAUD,8,4,18,39,46,0.7388013097515795,-0.01,-1.36,33,69,0.684771754106601,6,12,-0.31,False,False,False
Thu GBPAUD 20-00UTC,Thu,GBPAUD,20,4,18,39,46,0.7388013097515795,-0.01,-0.35,36,69,0.40497452645946236,7,12,-0.39,False,False,False
Wed EURAUD 00-04UTC,Wed,EURAUD,0,4,18,39,46,0.7388013097515795,-0.02,-1.58,34,69,0.5950254735405377,6,12,-1.09,False,False,False
Thu EURAUD 08-16UTC,Thu,EURAUD,8,8,18,39,46,0.7388013097515795,-0.02,-2.13,38,69,0.2351842659290722,6,12,-0.04,False,False,False
ThuS EURAUD 16-00UTC,ThuS,EURAUD,16,8,18,39,46,0.7388013097515795,-0.02,-0.72,39,69,0.16777880911700757,4,12,-1.63,False,False,False
MonS GBPAUD 08-12UTC,MonS,GBPAUD,8,4,18,39,46,0.7388013097515795,-0.02,-1.22,38,69,0.2351842659290722,5,12,-0.91,False,False,False
Fri CADJPY 04-08UTC,Fri,CADJPY,4,4,18,39,46,0.7388013097515795,-0.03,-1.08,28,69,0.9544067547164943,6,12,0.58,False,False,False
TueS XAUUSD 00-08UTC,TueS,XAUUSD,0,8,18,39,46,0.7388013097515795,-0.03,-2.15,5,9,,4,12,-0.16,False,False,False
Mon CADJPY 16-00UTC,Mon,CADJPY,16,8,18,39,46,0.7388013097515795,-0.04,-0.95,28,69,0.9544067547164943,5,12,-0.36,False,False,False
Fri CHFJPY 08-16UTC,Fri,CHFJPY,8,8,18,39,46,0.7388013097515795,-0.04,-1.95,27,69,0.9733553180917431,4,12,-0.1,False,False,False
ThuS NZDJPY 00-04UTC,ThuS,NZDJPY,0,4,18,39,46,0.7388013097515795,-0.04,-1.47,50,69,0.00012219850828878748,8,12,3.03,False,False,True
Mon EURAUD 08-12UTC,Mon,EURAUD,8,4,18,39,46,0.7388013097515795,-0.04,-0.79,29,69,0.9259839096536209,5,12,-0.24,False,False,False
TueS CADJPY 16-00UTC,TueS,CADJPY,16,8,18,39,46,0.7388013097515795,-0.05,-1.11,39,69,0.16777880911700757,6,12,-2.67,False,False,False
Thu CADJPY 00-08UTC,Thu,CADJPY,0,8,18,39,46,0.7388013097515795,-0.05,-2.53,31,69,0.8322211908829924,5,12,-2.31,False,False,False
MonS CHFJPY 00-08UTC,MonS,CHFJPY,0,8,18,39,46,0.7388013097515795,-0.05,-1.13,42,69,0.04559324528350576,9,12,1.85,False,False,True
Fri EURAUD 00-04UTC,Fri,EURAUD,0,4,18,39,46,0.7388013097515795,-0.05,-0.81,33,69,0.684771754106601,6,12,-0.08,False,False,False
Thu CHFJPY 00-04UTC,Thu,CHFJPY,0,4,18,39,46,0.7388013097515795,-0.06,-1.04,23,69,0.9982275935764895,3,12,-2.06,False,False,False
Tue EURGBP 04-08UTC,Tue,EURGBP,4,4,18,39,46,0.7388013097515795,-0.06,-0.57,33,69,0.684771754106601,7,12,-0.29,False,False,False
Wed EURGBP 00-08UTC,Wed,EURGBP,0,8,18,39,46,0.7388013097515795,-0.06,-1.05,30,69,0.8857998873233515,6,12,0.67,False,False,False
MonS GBPAUD 16-00UTC,MonS,GBPAUD,16,8,18,39,46,0.7388013097515795,-0.06,-0.8,32,69,0.7648157340709277,7,12,0.61,False,False,False
Fri CHFJPY 12-16UTC,Fri,CHFJPY,12,4,18,39,46,0.7388013097515795,-0.08,-1.76,29,69,0.9259839096536209,6,12,-0.59,False,False,False
Tue NZDJPY 08-12UTC,Tue,NZDJPY,8,4,18,39,46,0.7388013097515795,-0.08,-1.35,31,69,0.8322211908829924,5,12,-1.0,False,False,False
Wed EURAUD 12-16UTC,Wed,EURAUD,12,4,18,39,46,0.7388013097515795,-0.08,-1.3,35,69,0.5,8,12,1.71,False,False,False
FriS GBPAUD 12-16UTC,FriS,GBPAUD,12,4,18,39,46,0.7388013097515795,-0.08,-1.42,39,69,0.16777880911700757,10,12,0.41,False,False,False
Wed CHFJPY 16-00UTC,Wed,CHFJPY,16,8,18,39,46,0.7388013097515795,-0.09,-1.67,37,69,0.315228245893399,3,12,-4.07,False,False,False
TueS EURAUD 04-08UTC,TueS,EURAUD,4,4,18,39,46,0.7388013097515795,-0.09,-1.42,29,69,0.9259839096536209,6,12,0.21,False,False,False
Mon GBPAUD 00-08UTC,Mon,GBPAUD,0,8,18,39,46,0.7388013097515795,-0.09,-1.56,29,69,0.9259839096536209,4,12,-1.73,False,False,False
Tue XAUUSD 08-16UTC,Tue,XAUUSD,8,8,18,39,46,0.7388013097515795,-0.09,-2.77,3,9,,5,12,-2.21,False,False,False
WedS XAUUSD 16-00UTC,WedS,XAUUSD,16,8,18,39,46,0.7388013097515795,-0.09,-2.58,4,9,,3,12,-4.07,False,False,False
FriS XAUUSD 00-04UTC,FriS,XAUUSD,0,4,18,39,46,0.7388013097515795,-0.09,-1.08,6,9,,8,12,3.43,False,False,False
Fri NZDJPY 08-12UTC,Fri,NZDJPY,8,4,18,39,46,0.7388013097515795,-0.1,-1.22,27,69,0.9733553180917431,4,12,-2.51,False,False,False
Tue XAUUSD 16-20UTC,Tue,XAUUSD,16,4,18,39,46,0.7388013097515795,-0.1,-1.51,5,9,,9,12,2.61,False,False,False
Mon GBPAUD 12-16UTC,Mon,GBPAUD,12,4,18,39,46,0.7388013097515795,-0.11,-1.17,33,69,0.684771754106601,5,12,-0.02,False,False,False
Fri CADJPY 08-12UTC,Fri,CADJPY,8,4,18,39,46,0.7388013097515795,-0.12,-1.52,26,69,0.9852532532343413,6,12,-1.01,False,False,False
Fri CADJPY 16-20UTC,Fri,CADJPY,16,4,18,39,46,0.7388013097515795,-0.12,-1.73,26,69,0.9852532532343413,7,12,-0.6,False,False,False
Tue CADJPY 00-08UTC,Tue,CADJPY,0,8,18,39,46,0.7388013097515795,-0.13,-3.05,35,69,0.5,2,12,-3.1,False,False,False
Thu NZDJPY 16-20UTC,Thu,NZDJPY,16,4,18,39,46,0.7388013097515795,-0.13,-1.72,24,69,0.9961897390724872,5,12,-1.85,False,False,False
Thu NZDJPY 16-00UTC,Thu,NZDJPY,16,8,18,39,46,0.7388013097515795,-0.13,-1.81,25,69,0.9922838512731493,3,12,-2.75,False,False,False
TueS EURAUD 00-08UTC,TueS,EURAUD,0,8,18,39,46,0.7388013097515795,-0.13,-1.63,39,69,0.16777880911700757,6,12,-0.43,False,False,False
TueS GBPAUD 00-08UTC,TueS,GBPAUD,0,8,18,39,46,0.7388013097515795,-0.13,-1.52,44,69,0.014746746765658644,7,12,0.42,False,False,True
MonS CADJPY 12-16UTC,MonS,CADJPY,12,4,18,39,46,0.7388013097515795,-0.14,-1.98,42,69,0.04559324528350576,8,12,-0.57,False,False,True
WedS CHFJPY 00-08UTC,WedS,CHFJPY,0,8,18,39,46,0.7388013097515795,-0.14,-2.05,46,69,0.0038102609275128484,5,12,-0.19,False,False,True
Tue NZDJPY 00-04UTC,Tue,NZDJPY,0,4,18,39,46,0.7388013097515795,-0.14,-3.11,35,69,0.5,3,12,-1.88,False,False,False
Mon XAUUSD 08-12UTC,Mon,XAUUSD,8,4,18,39,46,0.7388013097515795,-0.15,-2.11,4,9,,8,12,4.52,False,False,False
Fri NZDJPY 08-16UTC,Fri,NZDJPY,8,8,18,39,46,0.7388013097515795,-0.17,-2.28,21,69,0.9996819135017748,5,12,-4.08,False,False,False
Fri XAUUSD 08-12UTC,Fri,XAUUSD,8,4,18,39,46,0.7388013097515795,-0.19,-1.57,2,9,,5,12,-3.06,False,False,False
Thu XAUUSD 12-16UTC,Thu,XAUUSD,12,4,18,39,46,0.7388013097515795,-0.24,-3.39,3,9,,6,12,0.04,False,False,False
Thu NAS100 08-16UTC,Thu,NAS100,8,8,17,31,55,0.360050065908581,0.36,-4.97,18,42,0.8600218807355304,4,9,-5.15,False,False,False
Mon NAS100 16-00UTC,Mon,NAS100,16,8,17,31,55,0.360050065908581,0.34,-2.03,29,42,0.009760236391230137,4,9,2.82,False,False,True
TueS NAS100 12-16UTC,TueS,NAS100,12,4,17,31,55,0.360050065908581,0.25,-3.83,23,42,0.32198447818518616,4,9,0.03,False,False,False
ThuS NAS100 20-00UTC,ThuS,NAS100,20,4,17,31,55,0.360050065908581,0.18,-1.32,28,42,0.021779260961920954,4,9,-1.7,False,False,True
MonS NAS100 00-04UTC,MonS,NAS100,0,4,17,31,55,0.360050065908581,0.11,-0.78,34,42,3.438555745560734e-05,7,9,1.63,False,False,True
Wed NAS100 08-16UTC,Wed,NAS100,8,8,17,31,55,0.360050065908581,0.1,-4.93,24,42,0.22039953367129783,5,9,-1.76,False,False,False
FriS NAS100 08-12UTC,FriS,NAS100,8,4,17,31,55,0.360050065908581,0.09,-1.03,24,42,0.22039953367129783,5,9,3.69,False,False,False
MonS NAS100 00-08UTC,MonS,NAS100,0,8,17,31,55,0.360050065908581,0.08,-2.8,14,42,0.9902397636087699,5,9,-1.96,False,False,False
WedS NAS100 00-08UTC,WedS,NAS100,0,8,17,31,55,0.360050065908581,0.07,-1.57,21,42,0.5611928356238423,3,9,-0.96,False,False,False
TueS NAS100 08-12UTC,TueS,NAS100,8,4,17,31,55,0.360050065908581,-0.05,-3.61,28,42,0.021779260961920954,4,9,-1.45,False,False,True
Wed NAS100 20-00UTC,Wed,NAS100,20,4,17,31,55,0.360050065908581,-0.07,-2.76,12,42,0.9985563760128571,4,9,-1.06,False,False,False
Thu NAS100 00-04UTC,Thu,NAS100,0,4,17,31,55,0.360050065908581,-0.11,-3.46,3,42,0.9999999997944542,4,9,0.73,False,False,False
Tue GBPAUD 08-16UTC,Tue,GBPAUD,8,8,17,39,44,0.8316081824050343,0.09,-0.82,34,69,0.5950254735405377,6,12,-0.7,False,False,False
TueS CADJPY 00-04UTC,TueS,CADJPY,0,4,17,39,44,0.8316081824050343,0.07,-0.91,39,69,0.16777880911700757,7,12,1.42,False,False,False
Tue CHFJPY 16-20UTC,Tue,CHFJPY,16,4,17,39,44,0.8316081824050343,0.03,-0.45,23,69,0.9982275935764895,9,12,1.7,False,False,False
WedS NZDJPY 04-08UTC,WedS,NZDJPY,4,4,17,39,44,0.8316081824050343,0.03,-0.77,40,69,0.11420011267664848,5,12,-0.14,False,False,False
Tue GBPAUD 12-16UTC,Tue,GBPAUD,12,4,17,39,44,0.8316081824050343,0.03,-1.66,34,69,0.5950254735405377,8,12,0.42,False,False,False
TueS EURAUD 00-04UTC,TueS,EURAUD,0,4,17,39,44,0.8316081824050343,0.02,-0.91,41,69,0.07401609034637918,5,12,-0.03,False,False,False
TueS XAUUSD 00-04UTC,TueS,XAUUSD,0,4,17,39,44,0.8316081824050343,0.02,-1.03,4,9,,2,12,-5.14,False,False,False
Tue GBPAUD 08-12UTC,Tue,GBPAUD,8,4,17,39,44,0.8316081824050343,0.01,-0.8,26,69,0.9852532532343413,5,12,-1.62,False,False,False
Mon NZDJPY 16-00UTC,Mon,NZDJPY,16,8,17,39,44,0.8316081824050343,0.0,-0.85,29,69,0.9259839096536209,6,12,0.06,False,False,False
Thu EURAUD 20-00UTC,Thu,EURAUD,20,4,17,39,44,0.8316081824050343,-0.01,-0.38,27,69,0.9733553180917431,8,12,1.0,False,False,False
Mon NZDJPY 12-16UTC,Mon,NZDJPY,12,4,17,39,44,0.8316081824050343,-0.02,-1.72,33,69,0.684771754106601,5,12,0.23,False,False,False
TueS GBPAUD 00-04UTC,TueS,GBPAUD,0,4,17,39,44,0.8316081824050343,-0.02,-0.98,43,69,0.026644681908256817,7,12,-0.05,False,False,True
FriS GBPAUD 16-20UTC,FriS,GBPAUD,16,4,17,39,44,0.8316081824050343,-0.02,-0.6,42,69,0.04559324528350576,5,12,0.41,False,False,True
Mon CHFJPY 16-20UTC,Mon,CHFJPY,16,4,17,39,44,0.8316081824050343,-0.03,-0.61,29,69,0.9259839096536209,9,12,1.56,False,False,False
Mon EURAUD 20-00UTC,Mon,EURAUD,20,4,17,39,44,0.8316081824050343,-0.03,-0.51,29,69,0.9259839096536209,7,12,-0.09,False,False,False
Thu EURAUD 12-16UTC,Thu,EURAUD,12,4,17,39,44,0.8316081824050343,-0.03,-1.55,38,69,0.2351842659290722,5,12,-0.34,False,False,False
Fri XAUUSD 20-00UTC,Fri,XAUUSD,20,4,17,39,44,0.8316081824050343,-0.03,-0.65,4,9,,4,12,-0.73,False,False,False
MonS CHFJPY 04-08UTC,MonS,CHFJPY,4,4,17,39,44,0.8316081824050343,-0.04,-1.09,35,69,0.5,6,12,0.11,False,False,False
Thu CHFJPY 16-20UTC,Thu,CHFJPY,16,4,17,39,44,0.8316081824050343,-0.04,-1.6,30,69,0.8857998873233515,8,12,2.09,False,False,False
Mon EURAUD 00-04UTC,Mon,EURAUD,0,4,17,39,44,0.8316081824050343,-0.04,-0.71,19,69,0.9999561566876858,4,12,-1.08,False,False,False
Tue EURAUD 08-12UTC,Tue,EURAUD,8,4,17,39,44,0.8316081824050343,-0.04,-1.27,26,69,0.9852532532343413,3,12,-1.63,False,False,False
TueS CADJPY 16-20UTC,TueS,CADJPY,16,4,17,39,44,0.8316081824050343,-0.05,-0.93,40,69,0.11420011267664848,6,12,-0.5,False,False,False
WedS NZDJPY 00-08UTC,WedS,NZDJPY,0,8,17,39,44,0.8316081824050343,-0.05,-2.58,32,69,0.7648157340709277,5,12,-0.18,False,False,False
Fri XAUUSD 04-08UTC,Fri,XAUUSD,4,4,17,39,44,0.8316081824050343,-0.05,-1.49,5,9,,4,12,-1.97,False,False,False
MonS CHFJPY 12-16UTC,MonS,CHFJPY,12,4,17,39,44,0.8316081824050343,-0.06,-1.27,33,69,0.684771754106601,5,12,-0.8,False,False,False
TueS GBPAUD 04-08UTC,TueS,GBPAUD,4,4,17,39,44,0.8316081824050343,-0.06,-1.52,36,69,0.40497452645946236,8,12,0.99,False,False,False
Thu CADJPY 16-20UTC,Thu,CADJPY,16,4,17,39,44,0.8316081824050343,-0.07,-1.92,27,69,0.9733553180917431,4,12,-1.09,False,False,False
Tue CHFJPY 08-16UTC,Tue,CHFJPY,8,8,17,39,44,0.8316081824050343,-0.07,-1.16,30,69,0.8857998873233515,7,12,1.08,False,False,False
WedS XAUUSD 20-00UTC,WedS,XAUUSD,20,4,17,39,44,0.8316081824050343,-0.07,-0.99,7,9,,3,12,-2.04,False,False,False
Wed EURGBP 08-16UTC,Wed,EURGBP,8,8,17,39,44,0.8316081824050343,-0.08,-1.16,22,69,0.9992248415252566,6,12,-0.05,False,False,False
Fri EURGBP 12-16UTC,Fri,EURGBP,12,4,17,39,44,0.8316081824050343,-0.08,-1.27,31,69,0.8322211908829924,6,12,0.65,False,False,False
Wed GBPAUD 00-08UTC,Wed,GBPAUD,0,8,17,39,44,0.8316081824050343,-0.08,-2.36,33,69,0.684771754106601,3,12,-4.6,False,False,False
Thu CADJPY 12-16UTC,Thu,CADJPY,12,4,17,39,44,0.8316081824050343,-0.09,-1.45,28,69,0.9544067547164943,7,12,1.29,False,False,False
Tue CHFJPY 08-12UTC,Tue,CHFJPY,8,4,17,39,44,0.8316081824050343,-0.09,-1.13,31,69,0.8322211908829924,5,12,-0.65,False,False,False
WedS CHFJPY 00-04UTC,WedS,CHFJPY,0,4,17,39,44,0.8316081824050343,-0.09,-2.21,45,69,0.0077161487268506326,5,12,0.0,False,False,True
Wed EURGBP 12-16UTC,Wed,EURGBP,12,4,17,39,44,0.8316081824050343,-0.09,-1.31,25,69,0.9922838512731493,5,12,-0.17,False,False,False
Fri EURGBP 08-16UTC,Fri,EURGBP,8,8,17,39,44,0.8316081824050343,-0.09,-1.34,34,69,0.5950254735405377,5,12,0.77,False,False,False
WedS GBPAUD 16-00UTC,WedS,GBPAUD,16,8,17,39,44,0.8316081824050343,-0.09,-1.12,38,69,0.2351842659290722,7,12,2.31,False,False,False
Fri XAUUSD 12-16UTC,Fri,XAUUSD,12,4,17,39,44,0.8316081824050343,-0.09,-3.53,3,9,,7,12,3.54,False,False,False
Wed CADJPY 16-20UTC,Wed,CADJPY,16,4,17,39,44,0.8316081824050343,-0.1,-1.4,40,69,0.11420011267664848,9,12,3.18,False,False,False
ThuS XAUUSD 16-00UTC,ThuS,XAUUSD,16,8,17,39,44,0.8316081824050343,-0.1,-1.7,6,9,,2,12,-7.78,False,False,False
Fri EURAUD 00-08UTC,Fri,EURAUD,0,8,17,39,44,0.8316081824050343,-0.11,-1.07,33,69,0.684771754106601,8,12,2.75,False,False,False
Mon NZDJPY 00-04UTC,Mon,NZDJPY,0,4,17,39,44,0.8316081824050343,-0.12,-1.68,36,69,0.40497452645946236,5,12,-2.09,False,False,False
Fri NZDJPY 00-04UTC,Fri,NZDJPY,0,4,17,39,44,0.8316081824050343,-0.13,-2.36,25,69,0.9922838512731493,5,12,-1.43,False,False,False
Tue EURAUD 08-16UTC,Tue,EURAUD,8,8,17,39,44,0.8316081824050343,-0.13,-1.7,27,69,0.9733553180917431,6,12,-0.55,False,False,False
Thu XAUUSD 00-04UTC,Thu,XAUUSD,0,4,17,39,44,0.8316081824050343,-0.13,-1.3,4,9,,5,12,-2.94,False,False,False
Fri NZDJPY 00-08UTC,Fri,NZDJPY,0,8,17,39,44,0.8316081824050343,-0.14,-2.79,30,69,0.8857998873233515,5,12,-1.43,False,False,False
Tue EURGBP 08-12UTC,Tue,EURGBP,8,4,17,39,44,0.8316081824050343,-0.14,-1.47,24,69,0.9961897390724872,7,12,-1.07,False,False,False
Tue EURAUD 12-16UTC,Tue,EURAUD,12,4,17,39,44,0.8316081824050343,-0.14,-2.08,28,69,0.9544067547164943,7,12,0.5,False,False,False
Fri XAUUSD 08-16UTC,Fri,XAUUSD,8,8,17,39,44,0.8316081824050343,-0.14,-3.94,2,9,,4,12,1.95,False,False,False
Tue NZDJPY 00-08UTC,Tue,NZDJPY,0,8,17,39,44,0.8316081824050343,-0.16,-3.43,31,69,0.8322211908829924,4,12,-3.09,False,False,False
Wed NZDJPY 16-20UTC,Wed,NZDJPY,16,4,17,39,44,0.8316081824050343,-0.17,-1.19,36,69,0.40497452645946236,5,12,1.67,False,False,False
FriS XAUUSD 00-08UTC,FriS,XAUUSD,0,8,17,39,44,0.8316081824050343,-0.17,-1.72,5,9,,6,12,3.82,False,False,False
Thu CADJPY 08-16UTC,Thu,CADJPY,8,8,17,39,44,0.8316081824050343,-0.26,-2.16,30,69,0.8857998873233515,6,12,-0.21,False,False,False
FriS NAS100 08-16UTC,FriS,NAS100,8,8,16,31,52,0.5,0.37,-2.72,20,42,0.6780155218148138,7,9,6.24,False,False,False
Thu NAS100 12-16UTC,Thu,NAS100,12,4,16,31,52,0.5,0.23,-4.93,19,42,0.7796004663287022,5,9,-2.83,False,False,False
WedS NAS100 16-00UTC,WedS,NAS100,16,8,16,31,52,0.5,0.21,-3.09,18,42,0.8600218807355304,1,9,-12.92,False,False,False
Mon NAS100 20-00UTC,Mon,NAS100,20,4,16,31,52,0.5,0.15,-1.42,15,42,0.978220739038079,3,9,-2.26,False,False,False
Fri NAS100 16-00UTC,Fri,NAS100,16,8,16,31,52,0.5,0.1,-3.88,20,42,0.6780155218148138,5,9,-0.39,False,False,False
TueS NAS100 08-16UTC,TueS,NAS100,8,8,16,31,52,0.5,0.07,-5.06,25,42,0.13997811926446957,4,9,-2.6,False,False,False
Tue NAS100 20-00UTC,Tue,NAS100,20,4,16,31,52,0.5,0.04,-2.14,12,42,0.9985563760128571,4,9,-0.79,False,False,False
Tue NAS100 16-20UTC,Tue,NAS100,16,4,16,31,52,0.5,0.02,-2.6,20,42,0.6780155218148138,5,9,-1.66,False,False,False
Thu NAS100 04-08UTC,Thu,NAS100,4,4,16,31,52,0.5,-0.08,-3.29,20,42,0.6780155218148138,4,9,-1.44,False,False,False
Fri NAS100 12-16UTC,Fri,NAS100,12,4,16,31,52,0.5,-0.42,-4.61,21,42,0.5611928356238423,3,9,-3.82,False,False,False
WedS XAUUSD 16-20UTC,WedS,XAUUSD,16,4,16,39,41,0.9002045665401965,0.11,-1.46,5,9,,6,12,-0.55,False,False,False
TueS CHFJPY 00-08UTC,TueS,CHFJPY,0,8,16,39,41,0.9002045665401965,0.03,-1.59,33,69,0.684771754106601,6,12,1.02,False,False,False
FriS EURAUD 16-20UTC,FriS,EURAUD,16,4,16,39,41,0.9002045665401965,0.03,-0.75,41,69,0.07401609034637918,8,12,2.73,False,False,False
Wed XAUUSD 08-16UTC,Wed,XAUUSD,8,8,16,39,41,0.9002045665401965,0.03,-2.53,6,9,,7,12,-2.7,False,False,False
Mon NZDJPY 20-00UTC,Mon,NZDJPY,20,4,16,39,41,0.9002045665401965,-0.01,-0.54,27,69,0.9733553180917431,4,12,-1.87,False,False,False
Thu GBPAUD 16-00UTC,Thu,GBPAUD,16,8,16,39,41,0.9002045665401965,-0.01,-0.54,30,69,0.8857998873233515,7,12,-0.11,False,False,False
Wed NZDJPY 08-16UTC,Wed,NZDJPY,8,8,16,39,41,0.9002045665401965,-0.02,-1.63,38,69,0.2351842659290722,4,12,-3.01,False,False,False
Mon GBPAUD 04-08UTC,Mon,GBPAUD,4,4,16,39,41,0.9002045665401965,-0.02,-0.97,31,69,0.8322211908829924,4,12,-1.21,False,False,False
Tue CHFJPY 20-00UTC,Tue,CHFJPY,20,4,16,39,41,0.9002045665401965,-0.03,-0.35,24,69,0.9961897390724872,7,12,0.26,False,False,False
Wed GBPAUD 20-00UTC,Wed,GBPAUD,20,4,16,39,41,0.9002045665401965,-0.03,-0.43,34,69,0.5950254735405377,5,12,0.28,False,False,False
MonS CADJPY 04-08UTC,MonS,CADJPY,4,4,16,39,41,0.9002045665401965,-0.04,-1.14,38,69,0.2351842659290722,7,12,-0.58,False,False,False
Tue CHFJPY 12-16UTC,Tue,CHFJPY,12,4,16,39,41,0.9002045665401965,-0.04,-1.07,31,69,0.8322211908829924,8,12,1.16,False,False,False
Thu XAUUSD 16-20UTC,Thu,XAUUSD,16,4,16,39,41,0.9002045665401965,-0.04,-2.19,3,9,,9,12,2.56,False,False,False
Mon CHFJPY 00-04UTC,Mon,CHFJPY,0,4,16,39,41,0.9002045665401965,-0.05,-1.08,18,69,0.9999853478391273,4,12,-2.29,False,False,False
TueS NZDJPY 16-00UTC,TueS,NZDJPY,16,8,16,39,41,0.9002045665401965,-0.05,-1.26,38,69,0.2351842659290722,3,12,-1.68,False,False,False
Thu NZDJPY 04-08UTC,Thu,NZDJPY,4,4,16,39,41,0.9002045665401965,-0.05,-1.91,29,69,0.9259839096536209,5,12,-1.79,False,False,False
Fri CHFJPY 00-04UTC,Fri,CHFJPY,0,4,16,39,41,0.9002045665401965,-0.07,-1.33,30,69,0.8857998873233515,7,12,0.59,False,False,False
Mon EURAUD 08-16UTC,Mon,EURAUD,8,8,16,39,41,0.9002045665401965,-0.07,-1.21,32,69,0.7648157340709277,5,12,-0.38,False,False,False
Tue GBPAUD 20-00UTC,Tue,GBPAUD,20,4,16,39,41,0.9002045665401965,-0.07,-0.57,27,69,0.9733553180917431,3,12,-2.17,False,False,False
Wed GBPAUD 12-16UTC,Wed,GBPAUD,12,4,16,39,41,0.9002045665401965,-0.08,-1.12,38,69,0.2351842659290722,6,12,0.71,False,False,False
Wed XAUUSD 08-12UTC,Wed,XAUUSD,8,4,16,39,41,0.9002045665401965,-0.08,-1.65,2,9,,4,12,-3.67,False,False,False
Wed CADJPY 08-12UTC,Wed,CADJPY,8,4,16,39,41,0.9002045665401965,-0.09,-1.49,34,69,0.5950254735405377,4,12,-1.62,False,False,False
Thu CHFJPY 12-16UTC,Thu,CHFJPY,12,4,16,39,41,0.9002045665401965,-0.09,-1.42,33,69,0.684771754106601,7,12,-0.18,False,False,False
Thu CADJPY 00-04UTC,Thu,CADJPY,0,4,16,39,41,0.9002045665401965,-0.1,-1.43,18,69,0.9999853478391273,2,12,-3.69,False,False,False
Thu CADJPY 16-00UTC,Thu,CADJPY,16,8,16,39,41,0.9002045665401965,-0.1,-2.26,29,69,0.9259839096536209,3,12,-3.26,False,False,False
FriS EURAUD 12-16UTC,FriS,EURAUD,12,4,16,39,41,0.9002045665401965,-0.1,-1.63,32,69,0.7648157340709277,5,12,-1.38,False,False,False
Thu EURGBP 04-08UTC,Thu,EURGBP,4,4,16,39,41,0.9002045665401965,-0.11,-0.64,32,69,0.7648157340709277,4,12,-0.41,False,False,False
Mon GBPAUD 00-04UTC,Mon,GBPAUD,0,4,16,39,41,0.9002045665401965,-0.11,-2.35,24,69,0.9961897390724872,4,12,-1.03,False,False,False
WedS CHFJPY 08-16UTC,WedS,CHFJPY,8,8,16,39,41,0.9002045665401965,-0.12,-1.86,37,69,0.315228245893399,7,12,0.62,False,False,False
Tue NZDJPY 12-16UTC,Tue,NZDJPY,12,4,16,39,41,0.9002045665401965,-0.14,-1.71,28,69,0.9544067547164943,6,12,0.26,False,False,False
Thu GBPAUD 04-08UTC,Thu,GBPAUD,4,4,16,39,41,0.9002045665401965,-0.16,-0.83,28,69,0.9544067547164943,6,12,0.61,False,False,False
Fri NZDJPY 16-20UTC,Fri,NZDJPY,16,4,16,39,41,0.9002045665401965,-0.18,-1.31,22,69,0.9992248415252566,6,12,0.11,False,False,False
FriS NAS100 12-16UTC,FriS,NAS100,12,4,15,31,48,0.639949934091419,0.4,-1.98,21,42,0.5611928356238423,6,9,3.73,False,False,False
ThuS NAS100 04-08UTC,ThuS,NAS100,4,4,15,31,48,0.639949934091419,0.08,-1.56,21,42,0.5611928356238423,5,9,1.44,False,False,False
TueS NAS100 16-20UTC,TueS,NAS100,16,4,15,31,48,0.639949934091419,-0.02,-3.2,22,42,0.43880716437615774,4,9,1.4,False,False,False
TueS NAS100 20-00UTC,TueS,NAS100,20,4,15,31,48,0.639949934091419,-0.04,-2.75,30,42,0.003957948667448363,5,9,0.7,False,False,True
Tue NAS100 08-16UTC,Tue,NAS100,8,8,15,31,48,0.639949934091419,-0.07,-4.14,17,42,0.9179252991084468,5,9,2.44,False,False,False
FriS NAS100 16-00UTC,FriS,NAS100,16,8,15,31,48,0.639949934091419,-0.11,-2.45,22,42,0.43880716437615774,4,9,0.25,False,False,False
MonS NAS100 20-00UTC,MonS,NAS100,20,4,15,31,48,0.639949934091419,-0.14,-3.82,27,42,0.044214773493877146,6,9,2.26,False,False,True
Wed NAS100 16-00UTC,Wed,NAS100,16,8,15,31,48,0.639949934091419,-0.24,-4.44,24,42,0.22039953367129783,8,9,12.96,False,False,False
Fri NAS100 08-16UTC,Fri,NAS100,8,8,15,31,48,0.639949934091419,-0.37,-5.29,22,42,0.43880716437615774,2,9,-6.27,False,False,False
Tue EURGBP 16-00UTC,Tue,EURGBP,16,8,15,39,38,0.9459354892969714,-0.02,-0.55,22,69,0.9992248415252566,2,12,-1.61,False,False,False
Mon CHFJPY 20-00UTC,Mon,CHFJPY,20,4,15,39,38,0.9459354892969714,-0.03,-0.58,15,69,0.999999653904154,3,12,-1.89,False,False,False
Tue EURGBP 16-20UTC,Tue,EURGBP,16,4,15,39,38,0.9459354892969714,-0.03,-0.5,18,69,0.9999853478391273,2,12,-1.58,False,False,False
Wed CADJPY 08-16UTC,Wed,CADJPY,8,8,15,39,38,0.9459354892969714,-0.04,-2.14,39,69,0.16777880911700757,5,12,-2.43,False,False,False
WedS CHFJPY 16-20UTC,WedS,CHFJPY,16,4,15,39,38,0.9459354892969714,-0.04,-0.64,38,69,0.2351842659290722,8,12,1.4,False,False,False
Wed EURGBP 04-08UTC,Wed,EURGBP,4,4,15,39,38,0.9459354892969714,-0.06,-0.71,25,69,0.9922838512731493,5,12,-0.52,False,False,False
Wed EURAUD 00-08UTC,Wed,EURAUD,0,8,15,39,38,0.9459354892969714,-0.06,-2.26,31,69,0.8322211908829924,5,12,-2.91,False,False,False
Fri EURGBP 00-08UTC,Fri,EURGBP,0,8,15,39,38,0.9459354892969714,-0.07,-0.97,33,69,0.684771754106601,8,12,2.35,False,False,False
Tue EURGBP 00-08UTC,Tue,EURGBP,0,8,15,39,38,0.9459354892969714,-0.08,-0.59,33,69,0.684771754106601,5,12,-0.23,False,False,False
Thu EURGBP 16-00UTC,Thu,EURGBP,16,8,15,39,38,0.9459354892969714,-0.08,-0.56,29,69,0.9259839096536209,7,12,0.59,False,False,False
Thu NZDJPY 20-00UTC,Thu,NZDJPY,20,4,15,39,38,0.9459354892969714,-0.09,-0.84,24,69,0.9961897390724872,3,12,-2.07,False,False,False
Wed CADJPY 04-08UTC,Wed,CADJPY,4,4,15,39,38,0.9459354892969714,-0.1,-2.76,29,69,0.9259839096536209,6,12,-0.01,False,False,False
MonS NZDJPY 08-16UTC,MonS,NZDJPY,8,8,15,39,38,0.9459354892969714,-0.1,-1.96,36,69,0.40497452645946236,6,12,-0.75,False,False,False
Fri NZDJPY 04-08UTC,Fri,NZDJPY,4,4,15,39,38,0.9459354892969714,-0.11,-0.89,28,69,0.9544067547164943,7,12,-1.2,False,False,False
Tue EURAUD 16-00UTC,Tue,EURAUD,16,8,15,39,38,0.9459354892969714,-0.11,-0.85,32,69,0.7648157340709277,4,12,-1.53,False,False,False
Fri GBPAUD 04-08UTC,Fri,GBPAUD,4,4,15,39,38,0.9459354892969714,-0.11,-0.9,21,69,0.9996819135017748,5,12,-0.73,False,False,False
MonS CHFJPY 08-12UTC,MonS,CHFJPY,8,4,15,39,38,0.9459354892969714,-0.12,-1.44,38,69,0.2351842659290722,6,12,0.52,False,False,False
Tue NZDJPY 08-16UTC,Tue,NZDJPY,8,8,15,39,38,0.9459354892969714,-0.12,-1.47,28,69,0.9544067547164943,4,12,0.45,False,False,False
Fri GBPAUD 00-08UTC,Fri,GBPAUD,0,8,15,39,38,0.9459354892969714,-0.13,-1.21,23,69,0.9982275935764895,4,12,-0.69,False,False,False
FriS GBPAUD 08-16UTC,FriS,GBPAUD,8,8,15,39,38,0.9459354892969714,-0.13,-1.3,43,69,0.026644681908256817,7,12,-1.84,False,False,True
WedS EURAUD 16-00UTC,WedS,EURAUD,16,8,15,39,38,0.9459354892969714,-0.14,-1.13,36,69,0.40497452645946236,10,12,4.38,False,False,False
Thu EURGBP 08-12UTC,Thu,EURGBP,8,4,15,39,38,0.9459354892969714,-0.16,-1.57,25,69,0.9922838512731493,4,12,-1.75,False,False,False
Fri NZDJPY 12-16UTC,Fri,NZDJPY,12,4,15,39,38,0.9459354892969714,-0.17,-2.3,22,69,0.9992248415252566,5,12,-2.78,False,False,False
Tue XAUUSD 08-12UTC,Tue,XAUUSD,8,4,15,39,38,0.9459354892969714,-0.17,-1.96,4,9,,6,12,0.85,False,False,False
Thu CHFJPY 08-12UTC,Thu,CHFJPY,8,4,15,39,38,0.9459354892969714,-0.21,-2.74,30,69,0.8857998873233515,4,12,0.02,False,False,False
ThuS NAS100 00-04UTC,ThuS,NAS100,0,4,14,31,45,0.7634351700544357,0.11,-1.6,39,42,2.815795596688986e-09,5,9,-0.81,False,False,True
WedS NAS100 20-00UTC,WedS,NAS100,20,4,14,31,45,0.7634351700544357,0.07,-1.8,30,42,0.003957948667448363,5,9,0.79,False,False,True
Tue NAS100 08-12UTC,Tue,NAS100,8,4,14,31,45,0.7634351700544357,0.05,-2.03,14,42,0.9902397636087699,5,9,1.44,False,False,False
Wed NAS100 00-08UTC,Wed,NAS100,0,8,14,31,45,0.7634351700544357,-0.07,-3.05,21,42,0.5611928356238423,6,9,0.89,False,False,False
Fri NAS100 08-12UTC,Fri,NAS100,8,4,14,31,45,0.7634351700544357,-0.09,-1.38,18,42,0.8600218807355304,4,9,-3.68,False,False,False
WedS NAS100 08-16UTC,WedS,NAS100,8,8,14,31,45,0.7634351700544357,-0.1,-4.61,18,42,0.8600218807355304,4,9,1.64,False,False,False
Mon NAS100 00-04UTC,Mon,NAS100,0,4,14,31,45,0.7634351700544357,-0.12,-1.39,8,42,0.9999924513995211,2,9,-1.64,False,False,False
Thu NAS100 20-00UTC,Thu,NAS100,20,4,14,31,45,0.7634351700544357,-0.18,-2.6,14,42,0.9902397636087699,5,9,1.68,False,False,False
ThuS NAS100 12-16UTC,ThuS,NAS100,12,4,14,31,45,0.7634351700544357,-0.23,-4.68,23,42,0.32198447818518616,4,9,2.6,False,False,False
MonS NAS100 16-00UTC,MonS,NAS100,16,8,14,31,45,0.7634351700544357,-0.34,-6.76,13,42,0.9960420513325516,5,9,-2.91,False,False,False
Mon GBPAUD 16-20UTC,Mon,GBPAUD,16,4,14,39,36,0.9733740429510362,0.01,-0.66,34,69,0.5950254735405377,5,12,-0.86,False,False,False
MonS NZDJPY 04-08UTC,MonS,NZDJPY,4,4,14,39,36,0.9733740429510362,-0.03,-0.87,33,69,0.684771754106601,6,12,-1.13,False,False,False
Mon EURAUD 16-20UTC,Mon,EURAUD,16,4,14,39,36,0.9733740429510362,-0.04,-0.44,30,69,0.8857998873233515,3,12,-1.36,False,False,False
Wed EURGBP 16-00UTC,Wed,EURGBP,16,8,14,39,36,0.9733740429510362,-0.05,-0.55,34,69,0.5950254735405377,2,12,-3.11,False,False,False
Tue EURAUD 20-00UTC,Tue,EURAUD,20,4,14,39,36,0.9733740429510362,-0.05,-0.5,30,69,0.8857998873233515,2,12,-2.23,False,False,False
Thu GBPAUD 16-20UTC,Thu,GBPAUD,16,4,14,39,36,0.9733740429510362,-0.05,-0.58,28,69,0.9544067547164943,6,12,-0.21,False,False,False
Mon EURGBP 00-08UTC,Mon,EURGBP,0,8,14,39,36,0.9733740429510362,-0.06,-1.16,27,69,0.9733553180917431,4,12,-2.49,False,False,False
Mon EURGBP 12-16UTC,Mon,EURGBP,12,4,14,39,36,0.9733740429510362,-0.07,-0.8,35,69,0.5,3,12,-1.83,False,False,False
Thu EURGBP 16-20UTC,Thu,EURGBP,16,4,14,39,36,0.9733740429510362,-0.08,-0.54,28,69,0.9544067547164943,4,12,-0.87,False,False,False
Mon EURAUD 04-08UTC,Mon,EURAUD,4,4,14,39,36,0.9733740429510362,-0.09,-1.16,29,69,0.9259839096536209,5,12,-2.73,False,False,False
Wed XAUUSD 00-08UTC,Wed,XAUUSD,0,8,14,39,36,0.9733740429510362,-0.09,-1.09,6,9,,7,12,8.31,False,False,False
Mon EURGBP 08-16UTC,Mon,EURGBP,8,8,14,39,36,0.9733740429510362,-0.11,-1.61,27,69,0.9733553180917431,2,12,-2.83,False,False,False
Thu EURGBP 12-16UTC,Thu,EURGBP,12,4,14,39,36,0.9733740429510362,-0.11,-1.15,34,69,0.5950254735405377,4,12,-1.09,False,False,False
Wed XAUUSD 00-04UTC,Wed,XAUUSD,0,4,14,39,36,0.9733740429510362,-0.13,-1.23,5,9,,5,12,0.93,False,False,False
Mon CADJPY 00-04UTC,Mon,CADJPY,0,4,14,39,36,0.9733740429510362,-0.15,-1.64,29,69,0.9259839096536209,2,12,-3.87,False,False,False
Thu NZDJPY 12-16UTC,Thu,NZDJPY,12,4,14,39,36,0.9733740429510362,-0.15,-1.32,26,69,0.9852532532343413,5,12,-0.47,False,False,False
MonS CHFJPY 08-16UTC,MonS,CHFJPY,8,8,14,39,36,0.9733740429510362,-0.23,-1.84,36,69,0.40497452645946236,5,12,-0.85,False,False,False
Thu CADJPY 08-12UTC,Thu,CADJPY,8,4,14,39,36,0.9733740429510362,-0.25,-2.75,31,69,0.8322211908829924,5,12,-2.42,False,False,False
Thu NZDJPY 08-12UTC,Thu,NZDJPY,8,4,14,39,36,0.9733740429510362,-0.29,-2.04,28,69,0.9544067547164943,4,12,-1.44,False,False,False
ThuS NAS100 00-08UTC,ThuS,NAS100,0,8,13,31,42,0.8594792424701154,0.06,-2.36,23,42,0.32198447818518616,4,9,-0.58,False,False,False
WedS NAS100 12-16UTC,WedS,NAS100,12,4,13,31,42,0.8594792424701154,0.02,-3.34,17,42,0.9179252991084468,5,9,2.06,False,False,False
MonS NAS100 08-16UTC,MonS,NAS100,8,8,13,31,42,0.8594792424701154,-0.01,-3.07,23,42,0.32198447818518616,2,9,-4.87,False,False,False
Wed NAS100 08-12UTC,Wed,NAS100,8,4,13,31,42,0.8594792424701154,-0.01,-1.06,19,42,0.7796004663287022,4,9,-0.75,False,False,False
Wed NAS100 00-04UTC,Wed,NAS100,0,4,13,31,42,0.8594792424701154,-0.03,-1.54,6,42,0.9999997783147592,1,9,-3.03,False,False,False
Tue NAS100 04-08UTC,Tue,NAS100,4,4,13,31,42,0.8594792424701154,-0.06,-0.83,20,42,0.6780155218148138,4,9,-1.38,False,False,False
Mon NAS100 00-08UTC,Mon,NAS100,0,8,13,31,42,0.8594792424701154,-0.08,-2.07,28,42,0.021779260961920954,4,9,1.92,False,False,True
TueS NAS100 16-00UTC,TueS,NAS100,16,8,13,31,42,0.8594792424701154,-0.21,-3.23,20,42,0.6780155218148138,5,9,0.76,False,False,False
Mon NAS100 08-12UTC,Mon,NAS100,8,4,13,31,42,0.8594792424701154,-0.24,-2.76,19,42,0.7796004663287022,5,9,1.33,False,False,False
Tue NAS100 12-16UTC,Tue,NAS100,12,4,13,31,42,0.8594792424701154,-0.26,-3.39,19,42,0.7796004663287022,5,9,-0.22,False,False,False
Thu NAS100 16-20UTC,Thu,NAS100,16,4,13,31,42,0.8594792424701154,-0.34,-4.56,16,42,0.9557852265061229,3,9,-6.1,False,False,False
ThuS NAS100 08-16UTC,ThuS,NAS100,8,8,13,31,42,0.8594792424701154,-0.37,-4.95,24,42,0.22039953367129783,5,9,5.06,False,False,False
Tue CADJPY 20-00UTC,Tue,CADJPY,20,4,13,39,33,0.9881486487647635,-0.07,-0.54,22,69,0.9992248415252566,7,12,1.2,False,False,False
WedS GBPAUD 16-20UTC,WedS,GBPAUD,16,4,13,39,33,0.9881486487647635,-0.08,-0.94,45,69,0.0077161487268506326,9,12,3.12,False,False,True
Wed CHFJPY 08-12UTC,Wed,CHFJPY,8,4,13,39,33,0.9881486487647635,-0.09,-1.72,25,69,0.9922838512731493,6,12,-1.35,False,False,False
Mon NZDJPY 16-20UTC,Mon,NZDJPY,16,4,13,39,33,0.9881486487647635,-0.09,-0.87,25,69,0.9922838512731493,7,12,0.76,False,False,False
Wed EURGBP 16-20UTC,Wed,EURGBP,16,4,13,39,33,0.9881486487647635,-0.09,-0.73,33,69,0.684771754106601,1,12,-3.49,False,False,False
Wed XAUUSD 04-08UTC,Wed,XAUUSD,4,4,13,39,33,0.9881486487647635,-0.09,-0.93,3,9,,9,12,5.65,False,False,False
Wed EURGBP 08-12UTC,Wed,EURGBP,8,4,13,39,33,0.9881486487647635,-0.1,-0.86,17,69,0.9999954524684724,6,12,-1.09,False,False,False
Thu EURGBP 00-08UTC,Thu,EURGBP,0,8,13,39,33,0.9881486487647635,-0.1,-0.63,36,69,0.40497452645946236,5,12,-0.32,False,False,False
Mon XAUUSD 16-20UTC,Mon,XAUUSD,16,4,13,39,33,0.9881486487647635,-0.1,-1.05,2,9,,7,12,0.83,False,False,False
Fri EURGBP 08-12UTC,Fri,EURGBP,8,4,13,39,33,0.9881486487647635,-0.11,-1.28,32,69,0.7648157340709277,5,12,-1.08,False,False,False
Tue EURAUD 16-20UTC,Tue,EURAUD,16,4,13,39,33,0.9881486487647635,-0.11,-0.74,32,69,0.7648157340709277,6,12,0.12,False,False,False
Fri EURAUD 04-08UTC,Fri,EURAUD,4,4,13,39,33,0.9881486487647635,-0.11,-0.93,28,69,0.9544067547164943,9,12,2.23,False,False,False
Wed GBPAUD 04-08UTC,Wed,GBPAUD,4,4,13,39,33,0.9881486487647635,-0.13,-1.08,26,69,0.9852532532343413,6,12,-2.98,False,False,False
Mon EURGBP 08-12UTC,Mon,EURGBP,8,4,13,39,33,0.9881486487647635,-0.14,-1.88,31,69,0.8322211908829924,2,12,-2.21,False,False,False
WedS CHFJPY 12-16UTC,WedS,CHFJPY,12,4,13,39,33,0.9881486487647635,-0.15,-1.17,32,69,0.7648157340709277,7,12,-0.15,False,False,False
Thu EURGBP 08-16UTC,Thu,EURGBP,8,8,13,39,33,0.9881486487647635,-0.17,-1.84,27,69,0.9733553180917431,4,12,-1.65,False,False,False
Wed NZDJPY 08-12UTC,Wed,NZDJPY,8,4,13,39,33,0.9881486487647635,-0.18,-1.38,34,69,0.5950254735405377,4,12,-2.47,False,False,False
Thu EURAUD 00-04UTC,Thu,EURAUD,0,4,13,39,33,0.9881486487647635,-0.22,-1.62,38,69,0.2351842659290722,7,12,0.25,False,False,False
Thu CHFJPY 08-16UTC,Thu,CHFJPY,8,8,13,39,33,0.9881486487647635,-0.25,-2.65,35,69,0.5,6,12,0.4,False,False,False
Mon XAUUSD 00-04UTC,Mon,XAUUSD,0,4,13,39,33,0.9881486487647635,-0.25,-1.88,6,9,,6,12,5.19,False,False,False
MonS CADJPY 08-16UTC,MonS,CADJPY,8,8,13,39,33,0.9881486487647635,-0.31,-1.8,40,69,0.11420011267664848,8,12,0.29,False,False,False
Wed NZDJPY 16-00UTC,Wed,NZDJPY,16,8,13,39,33,0.9881486487647635,-0.35,-2.07,36,69,0.40497452645946236,3,12,-1.32,False,False,False
Mon XAUUSD 08-16UTC,Mon,XAUUSD,8,8,13,39,33,0.9881486487647635,-0.47,-2.72,6,9,,8,12,3.29,False,False,False
ThuS NAS100 08-12UTC,ThuS,NAS100,8,4,12,31,39,0.9251936078071594,-0.0,-1.67,25,42,0.13997811926446957,8,9,3.6,False,False,False
MonS NAS100 16-20UTC,MonS,NAS100,16,4,12,31,39,0.9251936078071594,-0.07,-2.85,17,42,0.9179252991084468,3,9,-3.88,False,False,False
Fri NAS100 04-08UTC,Fri,NAS100,4,4,12,31,39,0.9251936078071594,-0.09,-1.84,15,42,0.978220739038079,4,9,-3.25,False,False,False
MonS NAS100 12-16UTC,MonS,NAS100,12,4,12,31,39,0.9251936078071594,-0.12,-2.61,17,42,0.9179252991084468,3,9,-2.25,False,False,False
Fri NAS100 00-04UTC,Fri,NAS100,0,4,12,31,39,0.9251936078071594,-0.17,-2.43,6,42,0.9999997783147592,5,9,0.53,False,False,False
Tue NAS100 00-08UTC,Tue,NAS100,0,8,12,31,39,0.9251936078071594,-0.19,-2.11,24,42,0.22039953367129783,3,9,-1.17,False,False,False
FriS NAS100 16-20UTC,FriS,NAS100,16,4,12,31,39,0.9251936078071594,-0.22,-2.5,24,42,0.22039953367129783,4,9,0.7,False,False,False
Wed NAS100 16-20UTC,Wed,NAS100,16,4,12,31,39,0.9251936078071594,-0.33,-2.57,22,42,0.43880716437615774,7,9,12.73,False,False,False
Thu CHFJPY 00-08UTC,Thu,CHFJPY,0,8,12,39,31,0.9952623478602618,-0.08,-1.76,34,69,0.5950254735405377,8,12,0.79,False,False,False
Fri EURGBP 04-08UTC,Fri,EURGBP,4,4,12,39,31,0.9952623478602618,-0.1,-1.07,32,69,0.7648157340709277,9,12,1.83,False,False,False
Wed EURAUD 04-08UTC,Wed,EURAUD,4,4,12,39,31,0.9952623478602618,-0.1,-0.88,26,69,0.9852532532343413,3,12,-2.42,False,False,False
Thu CADJPY 20-00UTC,Thu,CADJPY,20,4,12,39,31,0.9952623478602618,-0.11,-0.82,26,69,0.9852532532343413,3,12,-3.13,False,False,False
FriS EURAUD 08-16UTC,FriS,EURAUD,8,8,12,39,31,0.9952623478602618,-0.13,-1.28,39,69,0.16777880911700757,4,12,-3.73,False,False,False
Tue EURGBP 08-16UTC,Tue,EURGBP,8,8,12,39,31,0.9952623478602618,-0.31,-1.92,27,69,0.9733553180917431,6,12,-0.95,False,False,False
Mon XAUUSD 12-16UTC,Mon,XAUUSD,12,4,12,39,31,0.9952623478602618,-0.45,-3.44,6,9,,6,12,-2.7,False,False,False
Mon NAS100 04-08UTC,Mon,NAS100,4,4,11,31,35,0.9646222270093858,-0.1,-1.62,25,42,0.13997811926446957,4,9,2.38,False,False,False
Thu CHFJPY 04-08UTC,Thu,CHFJPY,4,4,11,39,28,0.9983110760440468,-0.07,-1.31,32,69,0.7648157340709277,9,12,2.42,False,False,False
Fri EURGBP 00-04UTC,Fri,EURGBP,0,4,11,39,28,0.9983110760440468,-0.07,-0.39,25,69,0.9922838512731493,1,12,-0.7,False,False,False
Mon CADJPY 20-00UTC,Mon,CADJPY,20,4,11,39,28,0.9983110760440468,-0.09,-0.95,19,69,0.9999561566876858,3,12,-1.88,False,False,False
Mon EURGBP 04-08UTC,Mon,EURGBP,4,4,11,39,28,0.9983110760440468,-0.15,-1.51,28,69,0.9544067547164943,3,12,-2.64,False,False,False
Thu EURAUD 04-08UTC,Thu,EURAUD,4,4,11,39,28,0.9983110760440468,-0.19,-0.93,29,69,0.9259839096536209,6,12,1.31,False,False,False
Wed NZDJPY 20-00UTC,Wed,NZDJPY,20,4,11,39,28,0.9983110760440468,-0.28,-1.06,29,69,0.9259839096536209,2,12,-4.06,False,False,False
Wed CADJPY 16-00UTC,Wed,CADJPY,16,8,11,39,28,0.9983110760440468,-0.31,-2.41,33,69,0.684771754106601,6,12,-0.14,False,False,False
Mon XAUUSD 04-08UTC,Mon,XAUUSD,4,4,11,39,28,0.9983110760440468,-0.34,-1.62,5,9,,7,12,2.33,False,False,False
Thu NZDJPY 08-16UTC,Thu,NZDJPY,8,8,11,39,28,0.9983110760440468,-0.35,-2.35,26,69,0.9852532532343413,5,12,-0.74,False,False,False
Thu EURAUD 00-08UTC,Thu,EURAUD,0,8,11,39,28,0.9983110760440468,-0.35,-1.95,32,69,0.7648157340709277,7,12,2.14,False,False,False
Fri NAS100 00-08UTC,Fri,NAS100,0,8,10,31,32,0.9852753132581711,-0.13,-1.46,18,42,0.8600218807355304,4,9,-1.6,False,False,False
Wed NAS100 04-08UTC,Wed,NAS100,4,4,10,31,32,0.9852753132581711,-0.17,-1.67,22,42,0.43880716437615774,6,9,2.8,False,False,False
Fri NAS100 20-00UTC,Fri,NAS100,20,4,10,31,32,0.9852753132581711,-0.18,-1.18,14,42,0.9902397636087699,3,9,-0.91,False,False,False
Thu NAS100 16-00UTC,Thu,NAS100,16,8,10,31,32,0.9852753132581711,-0.39,-6.93,19,42,0.7796004663287022,5,9,-3.4,False,False,False
Wed EURGBP 20-00UTC,Wed,EURGBP,20,4,10,39,26,0.9994674901827239,-0.06,-0.46,23,69,0.9982275935764895,2,12,-0.91,False,False,False
Thu EURGBP 00-04UTC,Thu,EURGBP,0,4,10,39,26,0.9994674901827239,-0.08,-0.51,23,69,0.9982275935764895,3,12,-1.16,False,False,False
Tue XAUUSD 20-00UTC,Tue,XAUUSD,20,4,10,39,26,0.9994674901827239,-0.1,-0.48,3,9,,5,12,-1.11,False,False,False
Tue GBPAUD 16-20UTC,Tue,GBPAUD,16,4,10,39,26,0.9994674901827239,-0.18,-1.27,31,69,0.8322211908829924,5,12,0.57,False,False,False
Wed CHFJPY 20-00UTC,Wed,CHFJPY,20,4,10,39,26,0.9994674901827239,-0.19,-1.21,25,69,0.9922838512731493,3,12,-3.34,False,False,False
Tue GBPAUD 16-00UTC,Tue,GBPAUD,16,8,10,39,26,0.9994674901827239,-0.19,-1.29,34,69,0.5950254735405377,5,12,-1.11,False,False,False
Thu GBPAUD 00-04UTC,Thu,GBPAUD,0,4,10,39,26,0.9994674901827239,-0.22,-1.47,31,69,0.8322211908829924,8,12,0.21,False,False,False
Tue EURGBP 12-16UTC,Tue,EURGBP,12,4,10,39,26,0.9994674901827239,-0.27,-1.03,24,69,0.9961897390724872,5,12,-1.09,False,False,False
Mon XAUUSD 00-08UTC,Mon,XAUUSD,0,8,10,39,26,0.9994674901827239,-0.46,-3.12,6,9,,8,12,9.33,False,False,False
Tue NAS100 00-04UTC,Tue,NAS100,0,4,9,31,29,0.9946630797348917,-0.26,-2.47,8,42,0.9999924513995211,5,9,-0.99,False,False,False
Mon EURGBP 00-04UTC,Mon,EURGBP,0,4,9,39,23,0.9998529615622829,-0.0,-0.37,22,69,0.9992248415252566,4,12,-1.05,False,False,False
Wed EURGBP 00-04UTC,Wed,EURGBP,0,4,9,39,23,0.9998529615622829,-0.1,-0.79,23,69,0.9982275935764895,5,12,-0.02,False,False,False
Fri EURGBP 16-20UTC,Fri,EURGBP,16,4,9,39,23,0.9998529615622829,-0.14,-0.58,23,69,0.9982275935764895,2,12,-3.35,False,False,False
Thu GBPAUD 00-08UTC,Thu,GBPAUD,0,8,9,39,23,0.9998529615622829,-0.34,-1.92,29,69,0.9259839096536209,7,12,1.37,False,False,False
Tue EURGBP 00-04UTC,Tue,EURGBP,0,4,7,39,18,0.9999928503693809,-0.13,-0.55,22,69,0.9992248415252566,1,12,-1.14,False,False,False
Wed CADJPY 20-00UTC,Wed,CADJPY,20,4,7,39,18,0.9999928503693809,-0.29,-1.52,19,69,0.9999561566876858,1,12,-4.23,False,False,False
Thu EURGBP 20-00UTC,Thu,EURGBP,20,4,6,39,15,0.9999987850460457,-0.1,-0.67,14,69,0.9999999158118329,6,12,0.27,False,False,False
Mon EURGBP 16-20UTC,Mon,EURGBP,16,4,6,39,15,0.9999987850460457,-0.15,-0.73,23,69,0.9982275935764895,3,12,-1.64,False,False,False
Mon EURGBP 16-00UTC,Mon,EURGBP,16,8,5,39,13,0.9999998323419277,-0.18,-0.91,24,69,0.9961897390724872,4,12,-1.44,False,False,False
Tue EURGBP 20-00UTC,Tue,EURGBP,20,4,2,39,5,0.9999999999272404,-0.09,-0.26,15,69,0.999999653904154,1,12,-1.24,False,False,False
Mon EURGBP 20-00UTC,Mon,EURGBP,20,4,2,39,5,0.9999999999272404,-0.14,-0.82,13,69,0.9999999812887526,3,12,-1.0,False,False,False
