symbol,window,n,rt_bps_median,rt_bps_mean,rt_pip_median,assumed_bps
EURGBP,00-04,521,0.95,1.02,0.8,3.52
EURGBP,04-08,519,0.93,0.94,0.8,3.52
EURGBP,08-12,519,0.89,0.93,0.75,3.52
EURGBP,12-16,519,0.85,0.87,0.7,3.52
EURGBP,16-20,519,0.87,0.87,0.75,3.52
EURGBP,20-00,413,0.94,1.01,0.8,3.52
EURGBP,00-08,519,0.95,0.98,0.8,3.52
EURGBP,08-16,519,0.89,0.9,0.75,3.52
EURGBP,16-00,413,0.92,0.97,0.8,3.52
USDCHF,00-04,693,1.12,1.17,0.95,3.63
USDCHF,04-08,691,1.04,1.05,0.85,3.63
USDCHF,08-12,691,0.98,1.0,0.8,3.63
USDCHF,12-16,691,0.98,0.99,0.8,3.63
USDCHF,16-20,691,1.0,1.02,0.85,3.63
USDCHF,20-00,549,1.07,1.13,0.9,3.63
USDCHF,00-08,691,1.06,1.08,0.9,3.63
USDCHF,08-16,691,0.99,1.0,0.8,3.63
USDCHF,16-00,549,1.05,1.11,0.9,3.62
NZDUSD,00-04,693,1.71,1.84,1.0,5.07
NZDUSD,04-08,691,1.67,1.67,1.0,5.07
NZDUSD,08-12,691,1.62,1.63,0.95,5.07
NZDUSD,12-16,691,1.64,1.63,0.95,5.07
NZDUSD,16-20,691,1.66,1.69,1.0,5.07
NZDUSD,20-00,549,1.69,1.81,1.0,5.07
NZDUSD,00-08,691,1.67,1.69,1.0,5.07
NZDUSD,08-16,691,1.63,1.64,0.95,5.07
NZDUSD,16-00,549,1.67,1.78,1.0,5.07
AUDUSD,00-04,693,1.4,1.49,0.95,4.55
AUDUSD,04-08,691,1.37,1.39,0.9,4.55
AUDUSD,08-12,691,1.37,1.38,0.9,4.55
AUDUSD,12-16,691,1.37,1.39,0.9,4.55
AUDUSD,16-20,691,1.39,1.43,0.9,4.55
AUDUSD,20-00,549,1.42,1.49,0.95,4.55
AUDUSD,00-08,691,1.39,1.42,0.95,4.55
AUDUSD,08-16,691,1.38,1.39,0.9,4.55
AUDUSD,16-00,549,1.41,1.48,0.95,4.55
CHFJPY,00-04,520,1.38,1.52,2.4,1.73
CHFJPY,04-08,518,1.22,1.27,2.15,1.73
CHFJPY,08-12,519,1.14,1.17,2.0,1.73
CHFJPY,12-16,519,1.13,1.17,1.95,1.73
CHFJPY,16-20,519,1.18,1.23,2.05,1.73
CHFJPY,20-00,413,1.31,1.47,2.3,1.73
CHFJPY,00-08,518,1.31,1.37,2.3,1.73
CHFJPY,08-16,519,1.15,1.17,2.0,1.73
CHFJPY,16-00,413,1.29,1.42,2.25,1.73
GBPJPY,00-04,693,1.0,1.09,2.0,1.51
GBPJPY,04-08,691,0.9,0.93,1.8,1.51
GBPJPY,08-12,691,0.85,0.89,1.75,1.51
GBPJPY,12-16,691,0.84,0.87,1.7,1.51
GBPJPY,16-20,691,0.87,0.89,1.75,1.51
GBPJPY,20-00,549,0.97,1.05,1.95,1.51
GBPJPY,00-08,691,0.97,0.99,1.9,1.51
GBPJPY,08-16,691,0.86,0.86,1.7,1.51
GBPJPY,16-00,549,0.96,1.02,1.9,1.51
EURJPY,00-04,693,0.61,0.68,1.05,1.77
EURJPY,04-08,691,0.58,0.62,1.0,1.77
EURJPY,08-12,691,0.55,0.59,0.95,1.77
EURJPY,12-16,691,0.49,0.52,0.85,1.77
EURJPY,16-20,691,0.51,0.53,0.85,1.77
EURJPY,20-00,549,0.57,0.64,1.0,1.77
EURJPY,00-08,691,0.61,0.66,1.05,1.77
EURJPY,08-16,691,0.53,0.57,0.9,1.77
EURJPY,16-00,549,0.56,0.61,0.95,1.77
AUDJPY,00-04,693,0.72,0.84,0.75,3.02
AUDJPY,04-08,691,0.68,0.72,0.7,3.01
AUDJPY,08-12,691,0.67,0.7,0.65,3.02
AUDJPY,12-16,691,0.67,0.69,0.65,3.02
AUDJPY,16-20,691,0.7,0.72,0.7,3.02
AUDJPY,20-00,549,0.74,0.83,0.75,3.02
AUDJPY,00-08,691,0.72,0.76,0.75,3.02
AUDJPY,08-16,691,0.67,0.68,0.65,3.02
AUDJPY,16-00,549,0.7,0.79,0.7,3.02
USDJPY,00-04,693,0.36,0.4,0.55,1.96
USDJPY,04-08,691,0.33,0.34,0.5,1.96
USDJPY,08-12,691,0.3,0.31,0.45,1.96
USDJPY,12-16,691,0.3,0.3,0.45,1.96
USDJPY,16-20,691,0.3,0.32,0.45,1.96
USDJPY,20-00,549,0.35,0.38,0.55,1.96
USDJPY,00-08,691,0.35,0.36,0.55,1.96
USDJPY,08-16,691,0.3,0.31,0.45,1.96
USDJPY,16-00,549,0.33,0.36,0.5,1.96
CADJPY,00-04,521,1.19,1.28,1.3,2.77
CADJPY,04-08,519,1.11,1.14,1.2,2.77
CADJPY,08-12,519,1.05,1.08,1.15,2.77
CADJPY,12-16,519,1.0,1.04,1.1,2.77
CADJPY,16-20,519,1.0,1.04,1.1,2.77
CADJPY,20-00,413,1.11,1.2,1.2,2.76
CADJPY,00-08,519,1.15,1.2,1.25,2.77
CADJPY,08-16,519,1.03,1.06,1.1,2.77
CADJPY,16-00,413,1.08,1.18,1.15,2.77
NZDJPY,00-04,521,1.16,1.43,1.05,3.38
NZDJPY,04-08,519,1.1,1.13,1.0,3.38
NZDJPY,08-12,519,1.03,1.07,0.95,3.38
NZDJPY,12-16,517,1.02,1.07,0.9,3.38
NZDJPY,16-20,516,1.09,1.19,1.0,3.38
NZDJPY,20-00,412,1.2,1.42,1.05,3.38
NZDJPY,00-08,519,1.11,1.22,1.0,3.38
NZDJPY,08-16,517,1.04,1.08,0.95,3.38
NZDJPY,16-00,411,1.09,1.31,1.0,3.38
EURUSD,00-04,693,0.27,0.32,0.3,2.65
EURUSD,04-08,691,0.26,0.29,0.3,2.65
EURUSD,08-12,691,0.26,0.27,0.3,2.65
EURUSD,12-16,691,0.22,0.25,0.25,2.65
EURUSD,16-20,691,0.22,0.25,0.25,2.65
EURUSD,20-00,549,0.26,0.3,0.3,2.66
EURUSD,00-08,691,0.28,0.3,0.3,2.65
EURUSD,08-16,691,0.24,0.26,0.25,2.65
EURUSD,16-00,549,0.26,0.29,0.3,2.66
GBPUSD,00-04,693,0.58,0.64,0.75,2.27
GBPUSD,04-08,691,0.54,0.55,0.7,2.27
GBPUSD,08-12,691,0.51,0.53,0.65,2.27
GBPUSD,12-16,691,0.5,0.52,0.65,2.27
GBPUSD,16-20,691,0.52,0.53,0.7,2.27
GBPUSD,20-00,549,0.56,0.62,0.75,2.27
GBPUSD,00-08,691,0.55,0.57,0.7,2.27
GBPUSD,08-16,691,0.51,0.52,0.65,2.27
GBPUSD,16-00,549,0.55,0.6,0.75,2.27
EURAUD,00-04,521,1.51,1.6,2.55,1.81
EURAUD,04-08,519,1.43,1.46,2.41,1.81
EURAUD,08-12,519,1.42,1.46,2.4,1.81
EURAUD,12-16,519,1.35,1.37,2.3,1.81
EURAUD,16-20,519,1.34,1.38,2.25,1.81
EURAUD,20-00,413,1.47,1.55,2.5,1.81
EURAUD,00-08,519,1.52,1.55,2.59,1.81
EURAUD,08-16,519,1.37,1.4,2.3,1.81
EURAUD,16-00,413,1.44,1.5,2.45,1.81
GBPAUD,00-04,520,2.06,2.14,4.05,1.51
GBPAUD,04-08,519,1.93,1.96,3.85,1.51
GBPAUD,08-12,519,1.89,1.92,3.75,1.51
GBPAUD,12-16,516,1.87,1.88,3.7,1.51
GBPAUD,16-20,515,1.92,1.94,3.85,1.51
GBPAUD,20-00,411,2.06,2.1,4.1,1.52
GBPAUD,00-08,519,2.03,2.07,4.05,1.51
GBPAUD,08-16,516,1.91,1.89,3.8,1.51
GBPAUD,16-00,409,2.01,2.03,3.95,1.51
XAUUSD,00-04,522,1.69,1.76,,5.0
XAUUSD,04-08,522,1.62,1.67,,5.0
XAUUSD,08-12,522,1.56,1.64,,5.0
XAUUSD,12-16,522,1.56,1.63,,5.0
XAUUSD,16-20,522,1.54,1.59,,5.0
XAUUSD,20-00,521,1.66,1.95,,5.0
XAUUSD,00-08,522,1.64,1.71,,5.0
XAUUSD,08-16,522,1.57,1.62,,5.0
XAUUSD,16-00,521,1.68,1.97,,5.0
GER40,00-04,688,2.5,2.63,,3.0
GER40,04-08,688,1.21,1.29,,3.0
GER40,08-12,688,0.62,0.72,,3.0
GER40,12-16,688,0.81,0.86,,3.0
GER40,16-20,639,2.0,1.7,,3.0
GER40,20-00,538,3.0,2.93,,3.0
GER40,00-08,688,1.94,2.07,,3.0
GER40,08-16,688,0.82,0.86,,3.0
GER40,16-00,544,2.11,2.2,,3.0
NAS100,00-04,483,1.58,1.31,,3.0
NAS100,04-08,483,1.58,1.31,,3.0
NAS100,08-12,483,1.56,1.29,,3.0
NAS100,12-16,483,1.09,0.95,,3.0
NAS100,16-20,483,0.64,0.62,,3.0
NAS100,20-00,478,1.02,0.9,,3.0
NAS100,00-08,483,1.55,1.3,,3.0
NAS100,08-16,483,1.1,0.95,,3.0
NAS100,16-00,478,1.02,0.89,,3.0
US500,00-04,688,0.94,0.93,,3.0
US500,04-08,687,0.94,0.93,,3.0
US500,08-12,687,0.94,0.92,,3.0
US500,12-16,686,0.88,0.88,,3.0
US500,16-20,662,0.84,0.84,,3.0
US500,20-00,525,0.89,0.88,,3.0
US500,00-08,687,0.94,0.93,,3.0
US500,08-16,686,0.88,0.88,,3.0
US500,16-00,543,0.88,0.88,,3.0
