symbol,month,sign,sum,c_last
XAUUSD,2017-03,0,0,1252.5999755859375
XAUUSD,2017-04,1,2,1247.300048828125
XAUUSD,2017-05,0,0,1266.0999755859375
XAUUSD,2017-06,0,0,1272.0
XAUUSD,2017-07,1,4,1240.699951171875
XAUUSD,2017-08,-1,-2,1266.5999755859375
XAUUSD,2017-09,1,2,1316.199951171875
XAUUSD,2017-10,1,4,1281.5
XAUUSD,2017-11,0,0,1267.0
XAUUSD,2017-12,0,0,1273.199951171875
XAUUSD,2018-01,1,2,1306.300048828125
XAUUSD,2018-02,1,4,1339.0
XAUUSD,2018-03,1,4,1315.5
XAUUSD,2018-04,0,0,1322.800048828125
XAUUSD,2018-05,1,4,1316.199951171875
XAUUSD,2018-06,0,0,1300.0999755859375
XAUUSD,2018-07,0,0,1251.300048828125
XAUUSD,2018-08,-1,-2,1223.699951171875
XAUUSD,2018-09,-1,-4,1200.300048828125
XAUUSD,2018-10,-1,-4,1191.5
XAUUSD,2018-11,-1,-4,1212.300048828125
XAUUSD,2018-12,-1,-2,1220.199951171875
XAUUSD,2019-01,0,0,1278.300048828125
XAUUSD,2019-02,1,2,1319.699951171875
XAUUSD,2019-03,1,2,1312.800048828125
XAUUSD,2019-04,0,0,1293.0
XAUUSD,2019-05,0,0,1282.800048828125
XAUUSD,2019-06,-1,-2,1305.800048828125
XAUUSD,2019-07,1,2,1409.699951171875
XAUUSD,2019-08,1,4,1426.0999755859375
XAUUSD,2019-09,1,4,1519.0999755859375
XAUUSD,2019-10,1,4,1465.699951171875
XAUUSD,2019-11,1,2,1511.4000244140625
XAUUSD,2019-12,1,4,1465.5999755859375
XAUUSD,2020-01,0,0,1519.5
XAUUSD,2020-02,1,4,1582.9000244140625
XAUUSD,2020-03,1,4,1564.0999755859375
XAUUSD,2020-04,1,2,1583.4000244140625
XAUUSD,2020-05,1,4,1684.199951171875
XAUUSD,2020-06,1,4,1751.699951171875
XAUUSD,2020-07,1,4,1800.5
XAUUSD,2020-08,1,4,1962.800048828125
XAUUSD,2020-09,1,4,1978.5999755859373
XAUUSD,2020-10,1,4,1895.5
XAUUSD,2020-11,1,2,1879.9000244140625
XAUUSD,2020-12,0,0,1775.699951171875
XAUUSD,2021-01,0,0,1895.0999755859373
XAUUSD,2021-02,1,2,1847.300048828125
XAUUSD,2021-03,-1,-2,1728.800048828125
XAUUSD,2021-04,-1,-2,1713.800048828125
XAUUSD,2021-05,-1,-2,1767.699951171875
XAUUSD,2021-06,0,0,1902.5
XAUUSD,2021-07,1,4,1771.5999755859375
XAUUSD,2021-08,-1,-2,1812.5999755859373
XAUUSD,2021-09,0,0,1818.0999755859373
XAUUSD,2021-10,0,0,1757.0
XAUUSD,2021-11,-1,-2,1783.9000244140625
XAUUSD,2021-12,0,0,1773.5999755859375
XAUUSD,2022-01,-1,-4,1828.5999755859373
XAUUSD,2022-02,1,2,1795.0
XAUUSD,2022-03,-1,-2,1900.699951171875
XAUUSD,2022-04,1,4,1949.199951171875
XAUUSD,2022-05,1,4,1911.699951171875
XAUUSD,2022-06,1,2,1842.699951171875
XAUUSD,2022-07,-1,-2,1807.300048828125
XAUUSD,2022-08,-1,-2,1762.9000244140625
XAUUSD,2022-09,-1,-4,1726.199951171875
XAUUSD,2022-10,-1,-4,1672.0
XAUUSD,2022-11,-1,-4,1640.699951171875
XAUUSD,2022-12,-1,-4,1746.0
XAUUSD,2023-01,0,0,1826.199951171875
XAUUSD,2023-02,1,2,1929.5
XAUUSD,2023-03,1,4,1836.699951171875
XAUUSD,2023-04,0,0,1969.0
XAUUSD,2023-05,1,4,1999.0999755859373
XAUUSD,2023-06,1,4,1963.9000244140625
XAUUSD,2023-07,1,2,1929.4000244140625
XAUUSD,2023-08,0,0,1970.5
XAUUSD,2023-09,1,2,1965.9000244140625
XAUUSD,2023-10,1,2,1866.0999755859373
XAUUSD,2023-11,-1,-2,1994.300048828125
XAUUSD,2023-12,1,2,2038.0999755859373
XAUUSD,2024-01,1,4,2071.800048828125
XAUUSD,2024-02,1,4,2048.39990234375
XAUUSD,2024-03,1,2,2054.699951171875
XAUUSD,2024-04,1,4,2217.39990234375
XAUUSD,2024-05,1,4,2302.89990234375
XAUUSD,2024-06,1,4,2322.89990234375
XAUUSD,2024-07,1,4,2339.60009765625
XAUUSD,2024-08,1,4,2426.5
XAUUSD,2024-09,1,4,2527.60009765625
XAUUSD,2024-10,1,4,2659.39990234375
XAUUSD,2024-11,1,4,2749.300048828125
XAUUSD,2024-12,1,4,2657.0
XAUUSD,2025-01,1,2,2641.0
XAUUSD,2025-02,0,0,2812.5
XAUUSD,2025-03,1,4,2848.5
XAUUSD,2025-04,1,4,3122.800048828125
XAUUSD,2025-05,1,4,3319.10009765625
XAUUSD,2025-06,1,4,3288.89990234375
XAUUSD,2025-07,1,2,3307.699951171875
XAUUSD,2025-08,1,4,3293.199951171875
XAUUSD,2025-09,0,0,3516.10009765625
XAUUSD,2025-10,1,4,3873.199951171875
XAUUSD,2025-11,1,4,3996.5
XAUUSD,2025-12,1,4,4254.89990234375
XAUUSD,2026-01,1,4,4341.10009765625
XAUUSD,2026-02,1,4,4745.10009765625
XAUUSD,2026-03,1,4,5247.89990234375
XAUUSD,2026-04,1,4,4647.60009765625
XAUUSD,2026-05,1,2,4629.60009765625
XAUUSD,2026-06,0,0,4593.0
XAUUSD,2026-07,0,0,4038.5
XAUUSD,2026-08,-1,-2,4036.300048828125
US500,2017-03,1,4,2363.639892578125
US500,2017-04,1,4,2362.719970703125
US500,2017-05,1,2,2384.199951171875
US500,2017-06,1,4,2411.800048828125
US500,2017-07,1,4,2423.409912109375
US500,2017-08,1,4,2470.300048828125
US500,2017-09,1,4,2471.64990234375
US500,2017-10,1,4,2519.360107421875
US500,2017-11,1,4,2575.260009765625
US500,2017-12,1,4,2647.580078125
US500,2018-01,1,4,2673.610107421875
US500,2018-02,1,4,2823.81005859375
US500,2018-03,1,4,2713.830078125
US500,2018-04,1,2,2640.8701171875
US500,2018-05,0,0,2648.050048828125
US500,2018-06,1,2,2705.27001953125
US500,2018-07,1,2,2718.3701171875
US500,2018-08,1,4,2816.2900390625
US500,2018-09,1,2,2901.52001953125
US500,2018-10,1,4,2913.97998046875
US500,2018-11,1,4,2711.739990234375
US500,2018-12,0,0,2760.169921875
US500,2019-01,1,2,2506.85009765625
US500,2019-02,-1,-4,2704.10009765625
US500,2019-03,-1,-2,2784.489990234375
US500,2019-04,1,2,2834.39990234375
US500,2019-05,1,2,2945.830078125
US500,2019-06,1,4,2752.06005859375
US500,2019-07,-1,-2,2941.760009765625
US500,2019-08,1,4,2980.3798828125
US500,2019-09,1,4,2926.4599609375
US500,2019-10,1,2,2976.739990234375
US500,2019-11,1,4,3037.56005859375
US500,2019-12,1,4,3140.97998046875
US500,2020-01,1,4,3230.780029296875
US500,2020-02,1,4,3225.52001953125
US500,2020-03,1,2,2954.219970703125
US500,2020-04,0,0,2584.590087890625
US500,2020-05,-1,-4,2912.429931640625
US500,2020-06,-1,-2,3044.31005859375
US500,2020-07,1,2,3100.2900390625
US500,2020-08,1,2,3271.1201171875
US500,2020-09,1,4,3500.31005859375
US500,2020-10,1,4,3363.0
US500,2020-11,1,2,3269.9599609375
US500,2020-12,0,0,3621.6298828125
US500,2021-01,1,4,3756.070068359375
US500,2021-02,1,4,3714.239990234375
US500,2021-03,1,2,3811.14990234375
US500,2021-04,1,4,3972.889892578125
US500,2021-05,1,4,4181.169921875
US500,2021-06,1,4,4204.10986328125
US500,2021-07,1,4,4297.5
US500,2021-08,1,4,4395.259765625
US500,2021-09,1,4,4522.68017578125
US500,2021-10,1,4,4307.5400390625
US500,2021-11,1,2,4605.3798828125
US500,2021-12,1,4,4567.0
US500,2022-01,1,2,4766.18017578125
US500,2022-02,1,4,4515.5498046875
US500,2022-03,0,0,4373.93994140625
US500,2022-04,-1,-2,4530.41015625
US500,2022-05,1,2,4131.93017578125
US500,2022-06,-1,-4,4132.14990234375
US500,2022-07,-1,-2,3785.3798828125
US500,2022-08,-1,-4,4130.2900390625
US500,2022-09,-1,-2,3955.0
US500,2022-10,-1,-4,3585.6201171875
US500,2022-11,-1,-4,3871.97998046875
US500,2022-12,-1,-2,4080.110107421875
US500,2023-01,0,0,3839.5
US500,2023-02,0,0,4076.60009765625
US500,2023-03,0,0,3970.14990234375
US500,2023-04,-1,-2,4109.31005859375
US500,2023-05,1,2,4169.47998046875
US500,2023-06,1,4,4179.830078125
US500,2023-07,1,4,4450.3798828125
US500,2023-08,1,4,4588.9599609375
US500,2023-09,1,4,4507.66015625
US500,2023-10,1,2,4288.0498046875
US500,2023-11,0,0,4193.7998046875
US500,2023-12,0,0,4567.7998046875
US500,2024-01,1,4,4769.830078125
US500,2024-02,1,4,4845.64990234375
US500,2024-03,1,4,5096.27001953125
US500,2024-04,1,4,5254.35009765625
US500,2024-05,1,4,5035.68994140625
US500,2024-06,1,2,5277.509765625
US500,2024-07,1,4,5460.47998046875
US500,2024-08,1,4,5522.2998046875
US500,2024-09,1,4,5648.39990234375
US500,2024-10,1,4,5762.47998046875
US500,2024-11,1,4,5705.4501953125
US500,2024-12,1,2,6032.3798828125
US500,2025-01,1,4,5881.6298828125
US500,2025-02,1,2,6040.52978515625
US500,2025-03,1,4,5954.5
US500,2025-04,0,0,5611.85009765625
US500,2025-05,-1,-2,5569.06005859375
US500,2025-06,-1,-2,5911.68994140625
US500,2025-07,0,0,6204.9501953125
US500,2025-08,1,4,6339.39013671875
US500,2025-09,1,4,6460.259765625
US500,2025-10,1,4,6688.4599609375
US500,2025-11,1,4,6840.2001953125
US500,2025-12,1,4,6849.08984375
US500,2026-01,1,4,6845.5
US500,2026-02,1,2,6939.02978515625
US500,2026-03,1,4,6878.8798828125
US500,2026-04,1,2,6528.52001953125
US500,2026-05,-1,-2,7209.009765625
US500,2026-06,1,4,7580.06005859375
US500,2026-07,1,4,7499.35986328125
US500,2026-08,1,2,7316.14990234375
NAS100,2017-03,1,4,5825.43994140625
NAS100,2017-04,1,4,5911.740234375
NAS100,2017-05,1,4,6047.60986328125
NAS100,2017-06,1,4,6198.52001953125
NAS100,2017-07,1,4,6140.419921875
NAS100,2017-08,1,2,6348.1201171875
NAS100,2017-09,1,4,6428.66015625
NAS100,2017-10,1,4,6495.9599609375
NAS100,2017-11,1,4,6727.669921875
NAS100,2017-12,1,4,6873.97021484375
NAS100,2018-01,1,4,6903.39013671875
NAS100,2018-02,1,4,7411.47998046875
NAS100,2018-03,1,4,7273.009765625
NAS100,2018-04,1,2,7063.4501953125
NAS100,2018-05,1,2,7066.27001953125
NAS100,2018-06,1,2,7442.1201171875
NAS100,2018-07,1,4,7510.2998046875
NAS100,2018-08,1,4,7671.7900390625
NAS100,2018-09,1,4,8109.5400390625
NAS100,2018-10,1,4,8046.35009765625
NAS100,2018-11,1,2,7305.89990234375
NAS100,2018-12,0,0,7330.5400390625
NAS100,2019-01,0,0,6635.27978515625
NAS100,2019-02,-1,-4,7281.740234375
NAS100,2019-03,-1,-2,7532.52978515625
NAS100,2019-04,1,2,7729.31982421875
NAS100,2019-05,1,2,8095.39013671875
NAS100,2019-06,1,4,7453.14990234375
NAS100,2019-07,0,0,8006.240234375
NAS100,2019-08,1,4,8175.419921875
NAS100,2019-09,1,4,7962.8798828125
NAS100,2019-10,0,0,7999.33984375
NAS100,2019-11,0,0,8292.3603515625
NAS100,2019-12,1,4,8665.4697265625
NAS100,2020-01,1,4,8972.599609375
NAS100,2020-02,1,4,9150.9404296875
NAS100,2020-03,1,4,8567.3701171875
NAS100,2020-04,0,0,7700.10009765625
NAS100,2020-05,-1,-4,8889.5498046875
NAS100,2020-06,1,2,9489.8701171875
NAS100,2020-07,1,4,10058.76953125
NAS100,2020-08,1,4,10745.26953125
NAS100,2020-09,1,4,11775.4599609375
NAS100,2020-10,1,4,11167.509765625
NAS100,2020-11,1,2,10911.58984375
NAS100,2020-12,1,2,12198.740234375
NAS100,2021-01,1,4,12888.2802734375
NAS100,2021-02,1,4,13070.6904296875
NAS100,2021-03,1,4,13192.349609375
NAS100,2021-04,1,4,13246.8701171875
NAS100,2021-05,1,4,13962.6796875
NAS100,2021-06,1,4,13748.740234375
NAS100,2021-07,1,2,14503.9501953125
NAS100,2021-08,1,4,14672.6796875
NAS100,2021-09,1,4,15259.240234375
NAS100,2021-10,1,4,14448.580078125
NAS100,2021-11,0,0,15498.3896484375
NAS100,2021-12,1,4,15537.6904296875
NAS100,2022-01,1,4,15644.9697265625
NAS100,2022-02,1,4,14239.8798828125
NAS100,2022-03,-1,-2,13751.400390625
NAS100,2022-04,-1,-2,14220.51953125
NAS100,2022-05,0,0,12334.6396484375
NAS100,2022-06,-1,-4,12081.3896484375
NAS100,2022-07,-1,-4,11028.740234375
NAS100,2022-08,-1,-4,12390.6904296875
NAS100,2022-09,0,0,11816.2001953125
NAS100,2022-10,-1,-4,10575.6201171875
NAS100,2022-11,-1,-4,10988.150390625
NAS100,2022-12,-1,-2,11468.0
NAS100,2023-01,-1,-2,10466.48046875
NAS100,2023-02,-1,-4,11584.5498046875
NAS100,2023-03,0,0,11455.5400390625
NAS100,2023-04,-1,-4,12221.91015625
NAS100,2023-05,1,2,12226.580078125
NAS100,2023-06,1,2,12935.2900390625
NAS100,2023-07,1,4,13787.919921875
NAS100,2023-08,1,4,14346.01953125
NAS100,2023-09,1,4,14034.9697265625
NAS100,2023-10,1,2,13219.3203125
NAS100,2023-11,0,0,12851.240234375
NAS100,2023-12,0,0,14226.2197265625
NAS100,2024-01,1,4,15011.349609375
NAS100,2024-02,1,4,15164.009765625
NAS100,2024-03,1,4,16091.919921875
NAS100,2024-04,1,4,16379.4599609375
NAS100,2024-05,1,4,15657.8203125
NAS100,2024-06,1,2,16735.01953125
NAS100,2024-07,1,4,17732.599609375
NAS100,2024-08,1,4,17599.400390625
NAS100,2024-09,1,2,17713.619140625
NAS100,2024-10,1,4,18189.169921875
NAS100,2024-11,1,4,18095.150390625
NAS100,2024-12,1,2,19218.169921875
NAS100,2025-01,1,4,19310.7890625
NAS100,2025-02,1,4,19627.439453125
NAS100,2025-03,1,4,18847.279296875
NAS100,2025-04,0,0,17299.2890625
NAS100,2025-05,-1,-2,17446.33984375
NAS100,2025-06,0,0,19113.76953125
NAS100,2025-07,1,2,20369.73046875
NAS100,2025-08,1,4,21122.44921875
NAS100,2025-09,1,4,21455.55078125
NAS100,2025-10,1,4,22660.009765625
NAS100,2025-11,1,4,23724.9609375
NAS100,2025-12,1,4,23365.689453125
NAS100,2026-01,1,2,23241.990234375
NAS100,2026-02,1,2,23461.8203125
NAS100,2026-03,1,2,22668.2109375
NAS100,2026-04,0,0,21590.630859375
NAS100,2026-05,-1,-2,24892.310546875
NAS100,2026-06,1,4,26972.619140625
NAS100,2026-07,1,4,26213.720703125
NAS100,2026-08,1,2,24442.939453125
GER40,2017-03,1,4,11834.41015625
GER40,2017-04,1,4,12312.8701171875
GER40,2017-05,1,4,12438.009765625
GER40,2017-06,1,4,12615.0595703125
GER40,2017-07,1,4,12325.1201171875
GER40,2017-08,1,2,12118.25
GER40,2017-09,0,0,12055.83984375
GER40,2017-10,0,0,12828.8603515625
GER40,2017-11,1,4,13229.5703125
GER40,2017-12,1,4,13023.98046875
GER40,2018-01,1,2,12917.6396484375
GER40,2018-02,1,2,13189.48046875
GER40,2018-03,1,2,12435.849609375
GER40,2018-04,0,0,12096.73046875
GER40,2018-05,-1,-4,12612.1103515625
GER40,2018-06,0,0,12604.8896484375
GER40,2018-07,-1,-2,12306.0
GER40,2018-08,-1,-2,12805.5
GER40,2018-09,1,2,12364.0595703125
GER40,2018-10,-1,-2,12246.73046875
GER40,2018-11,-1,-2,11447.509765625
GER40,2018-12,-1,-4,11257.240234375
GER40,2019-01,-1,-4,10558.9599609375
GER40,2019-02,-1,-4,11173.099609375
GER40,2019-03,-1,-2,11515.6396484375
GER40,2019-04,0,0,11526.0400390625
GER40,2019-05,0,0,12344.080078125
GER40,2019-06,1,2,11726.83984375
GER40,2019-07,0,0,12398.7998046875
GER40,2019-08,1,4,12189.0400390625
GER40,2019-09,-1,-2,11939.2802734375
GER40,2019-10,0,0,12428.080078125
GER40,2019-11,1,4,12866.7900390625
GER40,2019-12,1,4,13236.3798828125
GER40,2020-01,1,4,13249.009765625
GER40,2020-02,1,4,12981.9697265625
GER40,2020-03,1,2,11890.349609375
GER40,2020-04,-1,-2,9935.83984375
GER40,2020-05,-1,-4,10861.6396484375
GER40,2020-06,-1,-2,11586.849609375
GER40,2020-07,-1,-2,12310.9296875
GER40,2020-08,0,0,12313.3603515625
GER40,2020-09,1,2,12945.3798828125
GER40,2020-10,1,4,12760.73046875
GER40,2020-11,1,2,11556.48046875
GER40,2020-12,-1,-2,13291.16015625
GER40,2021-01,1,4,13718.7802734375
GER40,2021-02,1,4,13432.8701171875
GER40,2021-03,1,2,13786.2900390625
GER40,2021-04,1,4,15008.33984375
GER40,2021-05,1,4,15135.91015625
GER40,2021-06,1,4,15421.1298828125
GER40,2021-07,1,4,15531.0400390625
GER40,2021-08,1,4,15544.3896484375
GER40,2021-09,1,4,15835.08984375
GER40,2021-10,1,4,15260.6904296875
GER40,2021-11,0,0,15688.76953125
GER40,2021-12,1,4,15100.1298828125
GER40,2022-01,-1,-2,15884.8603515625
GER40,2022-02,1,4,15471.2001953125
GER40,2022-03,-1,-2,14461.01953125
GER40,2022-04,-1,-2,14414.75
GER40,2022-05,-1,-4,14097.8798828125
GER40,2022-06,-1,-4,14388.349609375
GER40,2022-07,-1,-2,12783.76953125
GER40,2022-08,-1,-4,13484.0498046875
GER40,2022-09,-1,-2,12834.9599609375
GER40,2022-10,-1,-4,12114.3603515625
GER40,2022-11,-1,-4,13253.740234375
GER40,2022-12,-1,-2,14397.0400390625
GER40,2023-01,1,2,13923.58984375
GER40,2023-02,0,0,15128.26953125
GER40,2023-03,1,2,15365.1396484375
GER40,2023-04,1,4,15628.83984375
GER40,2023-05,1,4,15922.3798828125
GER40,2023-06,1,4,15664.01953125
GER40,2023-07,1,2,16147.900390625
GER40,2023-08,1,4,16446.830078125
GER40,2023-09,1,4,15947.080078125
GER40,2023-10,1,2,15386.580078125
GER40,2023-11,-1,-2,14810.33984375
GER40,2023-12,-1,-2,16215.4296875
GER40,2024-01,1,4,16751.640625
GER40,2024-02,1,4,16903.759765625
GER40,2024-03,1,4,17678.189453125
GER40,2024-04,1,4,18492.490234375
GER40,2024-05,1,4,17932.169921875
GER40,2024-06,1,2,18497.939453125
GER40,2024-07,1,4,18235.44921875
GER40,2024-08,0,0,18508.650390625
GER40,2024-09,1,4,18906.919921875
GER40,2024-10,1,4,19324.9296875
GER40,2024-11,1,4,19077.5390625
GER40,2024-12,1,2,19626.44921875
GER40,2025-01,1,4,19909.140625
GER40,2025-02,1,4,21732.05078125
GER40,2025-03,1,4,22551.4296875
GER40,2025-04,1,4,22163.490234375
GER40,2025-05,1,2,22496.98046875
GER40,2025-06,1,4,23997.48046875
GER40,2025-07,1,4,23909.609375
GER40,2025-08,1,2,24065.470703125
GER40,2025-09,1,4,23902.2109375
GER40,2025-10,0,0,23880.720703125
GER40,2025-11,0,0,23958.30078125
GER40,2025-12,1,2,23836.7890625
GER40,2026-01,-1,-2,24490.41015625
GER40,2026-02,1,4,24538.810546875
GER40,2026-03,1,4,25284.259765625
GER40,2026-04,1,4,22680.0390625
GER40,2026-05,-1,-2,24292.380859375
GER40,2026-06,1,2,25104.69921875
GER40,2026-07,1,2,24995.810546875
GER40,2026-08,1,2,25460.48046875
BTCUSD,2017-03,1,4,1179.969970703125
BTCUSD,2017-04,1,4,1071.7900390625
BTCUSD,2017-05,1,2,1347.8900146484375
BTCUSD,2017-06,1,4,2286.409912109375
BTCUSD,2017-07,1,4,2480.840087890625
BTCUSD,2017-08,1,4,2875.340087890625
BTCUSD,2017-09,1,4,4703.39013671875
BTCUSD,2017-10,1,4,4338.7099609375
BTCUSD,2017-11,1,2,6468.39990234375
BTCUSD,2017-12,1,4,10233.599609375
BTCUSD,2018-01,1,4,14156.400390625
BTCUSD,2018-02,1,4,10221.099609375
BTCUSD,2018-03,1,2,10397.900390625
BTCUSD,2018-04,1,4,6973.52978515625
BTCUSD,2018-05,0,0,9240.5498046875
BTCUSD,2018-06,1,2,7494.169921875
BTCUSD,2018-07,-1,-2,6404.0
BTCUSD,2018-08,-1,-2,7780.43994140625
BTCUSD,2018-09,0,0,7037.580078125
BTCUSD,2018-10,-1,-2,6625.56005859375
BTCUSD,2018-11,0,0,6317.60986328125
BTCUSD,2018-12,-1,-4,4017.2685546875
BTCUSD,2019-01,-1,-4,3742.700439453125
BTCUSD,2019-02,-1,-4,3457.792724609375
BTCUSD,2019-03,-1,-4,3854.785400390625
BTCUSD,2019-04,-1,-2,4105.404296875
BTCUSD,2019-05,0,0,5350.7265625
BTCUSD,2019-06,0,0,8574.501953125
BTCUSD,2019-07,1,4,10817.1552734375
BTCUSD,2019-08,1,4,10085.6279296875
BTCUSD,2019-09,1,2,9630.6640625
BTCUSD,2019-10,1,2,8293.8681640625
BTCUSD,2019-11,0,0,9199.5849609375
BTCUSD,2019-12,1,2,7569.6298828125
BTCUSD,2020-01,-1,-2,7193.59912109375
BTCUSD,2020-02,-1,-2,9350.529296875
BTCUSD,2020-03,1,2,8599.5087890625
BTCUSD,2020-04,0,0,6438.64453125
BTCUSD,2020-05,-1,-2,8658.5537109375
BTCUSD,2020-06,0,0,9461.05859375
BTCUSD,2020-07,1,4,9137.9931640625
BTCUSD,2020-08,0,0,11323.466796875
BTCUSD,2020-09,1,4,11680.8203125
BTCUSD,2020-10,1,4,10784.4912109375
BTCUSD,2020-11,1,2,13780.9951171875
BTCUSD,2020-12,1,4,19625.8359375
BTCUSD,2021-01,1,4,29001.720703125
BTCUSD,2021-02,1,4,33114.359375
BTCUSD,2021-03,1,4,45137.76953125
BTCUSD,2021-04,1,4,58918.83203125
BTCUSD,2021-05,1,4,57750.17578125
BTCUSD,2021-06,1,2,37332.85546875
BTCUSD,2021-07,0,0,35040.8359375
BTCUSD,2021-08,0,0,41626.1953125
BTCUSD,2021-09,1,2,47166.6875
BTCUSD,2021-10,1,4,43790.89453125
BTCUSD,2021-11,0,0,61318.95703125
BTCUSD,2021-12,1,4,57005.42578125
BTCUSD,2022-01,1,2,46306.4453125
BTCUSD,2022-02,1,2,38483.125
BTCUSD,2022-03,-1,-2,43193.234375
BTCUSD,2022-04,-1,-2,45538.67578125
BTCUSD,2022-05,0,0,37714.875
BTCUSD,2022-06,-1,-4,31792.310546875
BTCUSD,2022-07,-1,-4,19784.7265625
BTCUSD,2022-08,-1,-4,23336.896484375
BTCUSD,2022-09,-1,-2,20049.763671875
BTCUSD,2022-10,-1,-4,19431.7890625
BTCUSD,2022-11,-1,-4,20495.7734375
BTCUSD,2022-12,-1,-2,17168.56640625
BTCUSD,2023-01,-1,-4,16547.49609375
BTCUSD,2023-02,-1,-4,23139.283203125
BTCUSD,2023-03,0,0,23147.353515625
BTCUSD,2023-04,1,2,28478.484375
BTCUSD,2023-05,1,2,29268.806640625
BTCUSD,2023-06,1,2,27219.658203125
BTCUSD,2023-07,0,0,30477.251953125
BTCUSD,2023-08,1,4,29230.111328125
BTCUSD,2023-09,0,0,25931.47265625
BTCUSD,2023-10,0,0,26967.916015625
BTCUSD,2023-11,0,0,34667.78125
BTCUSD,2023-12,1,4,37712.74609375
BTCUSD,2024-01,1,4,42265.1875
BTCUSD,2024-02,1,4,42582.60546875
BTCUSD,2024-03,1,4,61198.3828125
BTCUSD,2024-04,1,4,71333.6484375
BTCUSD,2024-05,1,4,60636.85546875
BTCUSD,2024-06,1,2,67491.4140625
BTCUSD,2024-07,1,4,62678.29296875
BTCUSD,2024-08,0,0,64619.25
BTCUSD,2024-09,1,4,58969.8984375
BTCUSD,2024-10,-1,-2,63329.5
BTCUSD,2024-11,1,2,70215.1875
BTCUSD,2024-12,1,4,96449.0546875
BTCUSD,2025-01,1,4,93429.203125
BTCUSD,2025-02,1,2,102405.0234375
BTCUSD,2025-03,1,4,84373.0078125
BTCUSD,2025-04,0,0,82548.9140625
BTCUSD,2025-05,0,0,94207.3125
BTCUSD,2025-06,1,2,104638.09375
BTCUSD,2025-07,1,4,107135.3359375
BTCUSD,2025-08,1,4,115758.203125
BTCUSD,2025-09,1,4,108236.7109375
BTCUSD,2025-10,1,2,114056.0859375
BTCUSD,2025-11,1,4,109556.1640625
BTCUSD,2025-12,0,0,90394.3125
BTCUSD,2026-01,-1,-4,87508.828125
BTCUSD,2026-02,-1,-4,78621.1171875
BTCUSD,2026-03,-1,-4,66995.859375
BTCUSD,2026-04,-1,-4,68233.3125
BTCUSD,2026-05,-1,-2,76304.3203125
BTCUSD,2026-06,-1,-2,73579.6875
BTCUSD,2026-07,-1,-2,58558.859375
BTCUSD,2026-08,-1,-4,63908.16796875
ETHUSD,2019-01,-1,-4,133.36825561523438
ETHUSD,2019-02,-1,-2,107.0610122680664
ETHUSD,2019-03,-1,-4,136.74624633789062
ETHUSD,2019-04,0,0,141.51409912109375
ETHUSD,2019-05,0,0,162.16603088378906
ETHUSD,2019-06,0,0,268.1135559082031
ETHUSD,2019-07,1,2,290.69598388671875
ETHUSD,2019-08,1,2,218.65414428710935
ETHUSD,2019-09,0,0,172.46978759765625
ETHUSD,2019-10,-1,-2,179.87220764160156
ETHUSD,2019-11,0,0,183.9669189453125
ETHUSD,2019-12,0,0,152.53968811035156
ETHUSD,2020-01,-1,-2,129.61085510253906
ETHUSD,2020-02,-1,-4,180.16017150878903
ETHUSD,2020-03,0,0,219.8485107421875
ETHUSD,2020-04,1,4,133.59356689453125
ETHUSD,2020-05,-1,-2,207.60205078125
ETHUSD,2020-06,1,4,230.9757080078125
ETHUSD,2020-07,1,2,226.31500244140625
ETHUSD,2020-08,0,0,345.5546569824219
ETHUSD,2020-09,1,4,435.0797424316406
ETHUSD,2020-10,1,4,359.9378662109375
ETHUSD,2020-11,1,2,386.59033203125
ETHUSD,2020-12,1,4,614.842529296875
ETHUSD,2021-01,1,4,737.8034057617188
ETHUSD,2021-02,1,4,1314.9862060546875
ETHUSD,2021-03,1,4,1416.0489501953125
ETHUSD,2021-04,1,4,1918.362060546875
ETHUSD,2021-05,1,4,2773.20703125
ETHUSD,2021-06,1,4,2714.9453125
ETHUSD,2021-07,1,2,2274.547607421875
ETHUSD,2021-08,1,2,2536.2099609375
ETHUSD,2021-09,1,2,3433.732666015625
ETHUSD,2021-10,1,4,3001.678955078125
ETHUSD,2021-11,1,2,4288.07421875
ETHUSD,2021-12,1,4,4631.47900390625
ETHUSD,2022-01,1,4,3682.6328125
ETHUSD,2022-02,1,2,2688.27880859375
ETHUSD,2022-03,0,0,2919.201171875
ETHUSD,2022-04,0,0,3281.642822265625
ETHUSD,2022-05,1,2,2730.186767578125
ETHUSD,2022-06,-1,-2,1942.3280029296875
ETHUSD,2022-07,-1,-4,1067.298828125
ETHUSD,2022-08,-1,-4,1681.517333984375
ETHUSD,2022-09,-1,-2,1553.6849365234375
ETHUSD,2022-10,-1,-4,1327.9786376953125
ETHUSD,2022-11,-1,-2,1572.7144775390625
ETHUSD,2022-12,-1,-2,1295.6885986328125
ETHUSD,2023-01,-1,-4,1196.771240234375
ETHUSD,2023-02,-1,-2,1586.535400390625
ETHUSD,2023-03,0,0,1605.8951416015625
ETHUSD,2023-04,1,2,1822.0220947265625
ETHUSD,2023-05,1,2,1876.92431640625
ETHUSD,2023-06,1,2,1874.1304931640625
ETHUSD,2023-07,0,0,1933.18896484375
ETHUSD,2023-08,1,4,1856.162353515625
ETHUSD,2023-09,0,0,1645.63916015625
ETHUSD,2023-10,0,0,1671.161865234375
ETHUSD,2023-11,0,0,1816.458984375
ETHUSD,2023-12,0,0,2052.55615234375
ETHUSD,2024-01,1,4,2281.47119140625
ETHUSD,2024-02,1,4,2282.54443359375
ETHUSD,2024-03,1,4,3341.919677734375
ETHUSD,2024-04,1,4,3647.8564453125
ETHUSD,2024-05,1,4,3012.286865234375
ETHUSD,2024-06,1,2,3760.026611328125
ETHUSD,2024-07,1,4,3432.88916015625
ETHUSD,2024-08,0,0,3231.295654296875
ETHUSD,2024-09,1,2,2513.393798828125
ETHUSD,2024-10,-1,-2,2603.062744140625
ETHUSD,2024-11,0,0,2515.79931640625
ETHUSD,2024-12,-1,-2,3705.705322265625
ETHUSD,2025-01,1,2,3332.53173828125
ETHUSD,2025-02,0,0,3298.26513671875
ETHUSD,2025-03,1,2,2237.9052734375
ETHUSD,2025-04,-1,-4,1823.47998046875
ETHUSD,2025-05,-1,-4,1793.775390625
ETHUSD,2025-06,-1,-4,2529.08740234375
ETHUSD,2025-07,0,0,2486.46435546875
ETHUSD,2025-08,-1,-2,3696.707763671875
ETHUSD,2025-09,1,4,4390.01904296875
ETHUSD,2025-10,1,4,4145.95751953125
ETHUSD,2025-11,1,2,3847.080322265625
ETHUSD,2025-12,1,2,2992.112548828125
ETHUSD,2026-01,-1,-2,2967.03759765625
ETHUSD,2026-02,-1,-2,2445.091796875
ETHUSD,2026-03,-1,-4,1965.050537109375
ETHUSD,2026-04,-1,-4,2104.708251953125
ETHUSD,2026-05,0,0,2256.251220703125
ETHUSD,2026-06,0,0,2004.341552734375
ETHUSD,2026-07,-1,-2,1569.5838623046875
ETHUSD,2026-08,-1,-4,1908.51904296875
