symbol,month,sign,sum,c_last
XAUUSD,2021-01,1,4,1897.77000
XAUUSD,2021-02,-1,-2,1846.93000
XAUUSD,2021-03,-1,-2,1734.30000
XAUUSD,2021-04,-1,-2,1706.48000
XAUUSD,2021-05,0,0,1768.96000
XAUUSD,2021-06,1,4,1906.21000
XAUUSD,2021-07,-1,-2,1769.82000
XAUUSD,2021-08,0,0,1813.96000
XAUUSD,2021-09,-1,-2,1813.44000
XAUUSD,2021-10,-1,-2,1756.60000
XAUUSD,2021-11,0,0,1782.90000
XAUUSD,2021-12,-1,-4,1774.57000
XAUUSD,2022-01,1,2,1828.38000
XAUUSD,2022-02,-1,-2,1797.02000
XAUUSD,2022-03,1,4,1908.49000
XAUUSD,2022-04,1,4,1937.00000
XAUUSD,2022-05,1,2,1897.01000
XAUUSD,2022-06,-1,-2,1837.53000
XAUUSD,2022-07,-1,-2,1807.06000
XAUUSD,2022-08,-1,-4,1765.48000
XAUUSD,2022-09,-1,-4,1710.94000
XAUUSD,2022-10,-1,-4,1662.04000
XAUUSD,2022-11,-1,-4,1633.53000
XAUUSD,2022-12,0,0,1768.41000
XAUUSD,2023-01,1,2,1823.69000
XAUUSD,2023-02,1,4,1927.96000
XAUUSD,2023-03,0,0,1826.35000
XAUUSD,2023-04,1,4,1969.45000
XAUUSD,2023-05,1,4,1989.58000
XAUUSD,2023-06,1,2,1962.25000
XAUUSD,2023-07,0,0,1918.76000
XAUUSD,2023-08,1,2,1964.68000
XAUUSD,2023-09,0,0,1940.01000
XAUUSD,2023-10,-1,-2,1848.58000
XAUUSD,2023-11,1,2,1983.75000
XAUUSD,2023-12,1,4,2035.90000
XAUUSD,2024-01,1,4,2062.66000
XAUUSD,2024-02,1,2,2039.26000
XAUUSD,2024-03,1,4,2044.04000
XAUUSD,2024-04,1,4,2233.82000
XAUUSD,2024-05,1,4,2285.82000
XAUUSD,2024-06,1,4,2329.18000
XAUUSD,2024-07,1,2,2326.40000
XAUUSD,2024-08,1,4,2447.20000
XAUUSD,2024-09,1,4,2503.39000
XAUUSD,2024-10,1,4,2634.42000
XAUUSD,2024-11,1,4,2743.76000
XAUUSD,2024-12,1,2,2650.40000
XAUUSD,2025-01,0,0,2624.19000
XAUUSD,2025-02,1,4,2798.12000
XAUUSD,2025-03,1,4,2857.30000
XAUUSD,2025-04,1,4,3123.95000
XAUUSD,2025-05,1,4,3288.45000
XAUUSD,2025-06,1,4,3289.33000
XAUUSD,2025-07,1,4,3302.72000
XAUUSD,2025-08,1,2,3289.86000
XAUUSD,2025-09,1,4,3447.94000
XAUUSD,2025-10,1,4,3858.93000
XAUUSD,2025-11,1,4,4002.90000
XAUUSD,2025-12,1,4,4219.19000
XAUUSD,2026-01,1,4,4319.05000
XAUUSD,2026-02,1,4,4889.93000
XAUUSD,2026-03,1,4,5278.53000
XAUUSD,2026-04,1,2,4668.90000
XAUUSD,2026-05,0,0,4622.47000
XAUUSD,2026-06,0,0,4538.46000
XAUUSD,2026-07,-1,-2,4007.59000
XAUUSD,2026-08,0,0,4041.37000
XAUUSD,2026-09,0,0,4447.30000
SPX500,2023-11,0,0,4183.30000
SPX500,2023-12,1,4,4563.56000
SPX500,2024-01,1,4,4766.33000
SPX500,2024-02,1,4,4846.98000
SPX500,2024-03,1,4,5090.49000
SPX500,2024-04,1,4,5246.08000
SPX500,2024-05,1,2,5025.98000
SPX500,2024-06,1,4,5285.08000
SPX500,2024-07,1,4,5471.08000
SPX500,2024-08,1,4,5531.75000
SPX500,2024-09,1,4,5642.08000
SPX500,2024-10,1,4,5752.91000
SPX500,2024-11,1,2,5703.90000
SPX500,2024-12,1,4,6035.53000
SPX500,2025-01,1,2,5885.97000
SPX500,2025-02,1,4,6034.97000
SPX500,2025-03,0,0,5946.97000
SPX500,2025-04,-1,-2,5600.50000
SPX500,2025-05,-1,-2,5595.39000
SPX500,2025-06,0,0,5903.11000
SPX500,2025-07,1,4,6196.04000
SPX500,2025-08,1,4,6336.96000
SPX500,2025-09,1,4,6461.53000
SPX500,2025-10,1,4,6671.73000
SPX500,2025-11,1,4,6839.55000
SPX500,2025-12,1,4,6841.78000
SPX500,2026-01,1,4,6844.13000
SPX500,2026-02,1,4,6933.13000
SPX500,2026-03,1,2,6862.18000
SPX500,2026-04,-1,-2,6524.52000
SPX500,2026-05,1,4,7214.66000
SPX500,2026-06,1,4,7576.28000
SPX500,2026-07,1,2,7483.32000
SPX500,2026-08,1,2,7474.91000
SPX500,2026-09,1,4,7690.32000
NDX100,2023-11,0,0,14370.11000
NDX100,2023-12,1,4,15924.28000
NDX100,2024-01,1,4,16817.90000
NDX100,2024-02,1,4,17161.88000
NDX100,2024-03,1,4,18031.50000
NDX100,2024-04,1,4,18248.80000
NDX100,2024-05,1,2,17390.65000
NDX100,2024-06,1,4,18523.80000
NDX100,2024-07,1,4,19718.03000
NDX100,2024-08,1,2,19431.50000
NDX100,2024-09,1,4,19534.13000
NDX100,2024-10,1,4,20035.18000
NDX100,2024-11,1,2,19916.08000
NDX100,2024-12,1,4,20940.05000
NDX100,2025-01,1,4,20972.55000
NDX100,2025-02,1,4,21402.73000
NDX100,2025-03,0,0,20843.48000
NDX100,2025-04,-1,-2,19235.88000
NDX100,2025-05,0,0,19751.00000
NDX100,2025-06,1,4,21317.41000
NDX100,2025-07,1,4,22653.44000
NDX100,2025-08,1,4,23192.57000
NDX100,2025-09,1,4,23407.46000
NDX100,2025-10,1,4,24613.26000
NDX100,2025-11,1,4,25847.16000
NDX100,2025-12,1,2,25417.12000
NDX100,2026-01,1,2,25220.56000
NDX100,2026-02,1,2,25509.69000
NDX100,2026-03,0,0,24902.06000
NDX100,2026-04,-1,-2,23720.26000
NDX100,2026-05,1,4,27464.46000
NDX100,2026-06,1,4,30311.09000
NDX100,2026-07,1,2,30216.44000
NDX100,2026-08,1,2,28153.17000
NDX100,2026-09,1,2,29460.98000
BTCUSD,2018-07,-1,-2,5904.00000
BTCUSD,2018-08,0,0,7486.50000
BTCUSD,2018-09,-1,-2,7042.33000
BTCUSD,2018-10,0,0,6641.31000
BTCUSD,2018-11,-1,-4,6385.78000
BTCUSD,2018-12,-1,-4,3981.01000
BTCUSD,2019-01,-1,-4,3860.63000
BTCUSD,2019-02,-1,-4,3537.41000
BTCUSD,2019-03,-1,-2,3934.16000
BTCUSD,2019-04,0,0,4153.64000
BTCUSD,2019-05,0,0,5549.07000
BTCUSD,2019-06,1,4,8490.60000
BTCUSD,2019-07,1,4,12187.72000
BTCUSD,2019-08,1,2,10404.99000
BTCUSD,2019-09,1,2,9630.57000
BTCUSD,2019-10,0,0,8370.71000
BTCUSD,2019-11,1,2,9210.50000
BTCUSD,2019-12,-1,-2,7720.50000
BTCUSD,2020-01,-1,-2,7211.00000
BTCUSD,2020-02,1,2,9349.49000
BTCUSD,2020-03,0,0,8665.00000
BTCUSD,2020-04,-1,-2,6451.47000
BTCUSD,2020-05,0,0,8765.80000
BTCUSD,2020-06,1,4,9412.00000
BTCUSD,2020-07,0,0,9158.63000
BTCUSD,2020-08,1,4,11348.30000
BTCUSD,2020-09,1,4,11633.26000
BTCUSD,2020-10,1,2,10705.71000
BTCUSD,2020-11,1,4,13659.98000
BTCUSD,2020-12,1,4,19510.87000
BTCUSD,2021-01,1,4,29140.23000
BTCUSD,2021-02,1,4,34573.07000
BTCUSD,2021-03,1,4,45944.36000
BTCUSD,2021-04,1,4,58916.42000
BTCUSD,2021-05,1,2,56772.61000
BTCUSD,2021-06,0,0,36926.62000
BTCUSD,2021-07,0,0,34792.57000
BTCUSD,2021-08,1,2,40991.45000
BTCUSD,2021-09,1,4,46916.22000
BTCUSD,2021-10,0,0,43727.27000
BTCUSD,2021-11,1,4,62359.51000
BTCUSD,2021-12,1,2,57297.84000
BTCUSD,2022-01,1,2,46254.29000
BTCUSD,2022-02,-1,-2,38421.00000
BTCUSD,2022-03,-1,-2,42990.92000
BTCUSD,2022-04,0,0,45753.80000
BTCUSD,2022-05,-1,-2,38570.76000
BTCUSD,2022-06,-1,-4,31678.47000
BTCUSD,2022-07,-1,-4,18799.85000
BTCUSD,2022-08,-1,-2,23936.28000
BTCUSD,2022-09,-1,-4,20279.22000
BTCUSD,2022-10,-1,-2,19408.44000
BTCUSD,2022-11,-1,-2,20398.89000
BTCUSD,2022-12,-1,-4,17142.67000
BTCUSD,2023-01,-1,-4,16586.28000
BTCUSD,2023-02,0,0,23175.82000
BTCUSD,2023-03,0,0,23150.67000
BTCUSD,2023-04,1,2,28424.81000
BTCUSD,2023-05,1,2,29350.88000
BTCUSD,2023-06,0,0,27080.87000
BTCUSD,2023-07,1,4,30386.87000
BTCUSD,2023-08,0,0,29230.95000
BTCUSD,2023-09,0,0,26012.81000
BTCUSD,2023-10,0,0,26892.18000
BTCUSD,2023-11,1,4,34485.98000
BTCUSD,2023-12,1,4,37702.01000
BTCUSD,2024-01,1,4,41908.20000
BTCUSD,2024-02,1,4,42639.34000
BTCUSD,2024-03,1,4,61238.14000
BTCUSD,2024-04,1,4,69595.27000
BTCUSD,2024-05,1,2,60140.07000
BTCUSD,2024-06,1,4,67596.10000
BTCUSD,2024-07,0,0,60188.64000
BTCUSD,2024-08,1,4,64554.91000
BTCUSD,2024-09,-1,-2,59044.88000
BTCUSD,2024-10,1,2,63781.77000
BTCUSD,2024-11,1,4,70055.99000
BTCUSD,2024-12,1,4,97428.08000
BTCUSD,2025-01,1,2,93869.28000
BTCUSD,2025-02,1,4,102086.06000
BTCUSD,2025-03,0,0,84192.13000
BTCUSD,2025-04,0,0,82382.73000
BTCUSD,2025-05,1,2,94519.37000
BTCUSD,2025-06,1,4,104513.24000
BTCUSD,2025-07,1,4,107520.42000
BTCUSD,2025-08,1,4,116483.15000
BTCUSD,2025-09,1,2,107779.08000
BTCUSD,2025-10,1,4,114620.96000
BTCUSD,2025-11,0,0,109451.35000
BTCUSD,2025-12,-1,-4,90887.11000
BTCUSD,2026-01,-1,-4,87795.45000
BTCUSD,2026-02,-1,-4,84332.55000
BTCUSD,2026-03,-1,-4,65522.84000
BTCUSD,2026-04,-1,-2,68260.70000
BTCUSD,2026-05,-1,-2,76488.24000
BTCUSD,2026-06,-1,-2,73669.22000
BTCUSD,2026-07,-1,-4,58727.22000
BTCUSD,2026-08,-1,-2,62941.28000
BTCUSD,2026-09,1,2,78836.45000
ETHUSD,2018-11,-1,-4,197.11000
ETHUSD,2018-12,-1,-4,110.92000
ETHUSD,2019-01,-1,-2,141.95000
ETHUSD,2019-02,-1,-4,108.03000
ETHUSD,2019-03,0,0,138.65000
ETHUSD,2019-04,-1,-2,141.68000
ETHUSD,2019-05,0,0,160.86000
ETHUSD,2019-06,1,2,260.42000
ETHUSD,2019-07,1,2,306.92000
ETHUSD,2019-08,0,0,217.19000
ETHUSD,2019-09,-1,-2,168.74000
ETHUSD,2019-10,0,0,177.16000
ETHUSD,2019-11,0,0,184.42000
ETHUSD,2019-12,-1,-2,152.59000
ETHUSD,2020-01,-1,-4,131.33000
ETHUSD,2020-02,0,0,180.58000
ETHUSD,2020-03,1,4,225.98000
ETHUSD,2020-04,-1,-2,134.17000
ETHUSD,2020-05,1,4,209.16000
ETHUSD,2020-06,0,0,220.10000
ETHUSD,2020-07,1,2,226.03000
ETHUSD,2020-08,1,4,345.68000
ETHUSD,2020-09,1,4,430.89000
ETHUSD,2020-10,1,2,357.11000
ETHUSD,2020-11,1,4,384.13000
ETHUSD,2020-12,1,4,610.34000
ETHUSD,2021-01,1,4,741.14000
ETHUSD,2021-02,1,4,1372.58000
ETHUSD,2021-03,1,4,1441.65000
ETHUSD,2021-04,1,4,1929.19000
ETHUSD,2021-05,1,4,2759.66000
ETHUSD,2021-06,1,2,2625.74000
ETHUSD,2021-07,1,2,2261.67000
ETHUSD,2021-08,1,2,2429.53000
ETHUSD,2021-09,1,4,3399.59000
ETHUSD,2021-10,1,2,3005.20000
ETHUSD,2021-11,1,4,4405.92000
ETHUSD,2021-12,1,4,4654.17000
ETHUSD,2022-01,1,2,3685.81000
ETHUSD,2022-02,0,0,2681.15000
ETHUSD,2022-03,0,0,2896.68000
ETHUSD,2022-04,1,2,3282.29000
ETHUSD,2022-05,0,0,2807.28000
ETHUSD,2022-06,-1,-4,1945.72000
ETHUSD,2022-07,-1,-4,1020.13000
ETHUSD,2022-08,-1,-2,1730.50000
ETHUSD,2022-09,-1,-4,1579.47000
ETHUSD,2022-10,-1,-2,1330.71000
ETHUSD,2022-11,-1,-2,1557.11000
ETHUSD,2022-12,-1,-4,1298.60000
ETHUSD,2023-01,-1,-2,1198.62000
ETHUSD,2023-02,0,0,1590.20000
ETHUSD,2023-03,1,2,1611.80000
ETHUSD,2023-04,1,2,1822.40000
ETHUSD,2023-05,1,2,1895.90000
ETHUSD,2023-06,0,0,1863.60000
ETHUSD,2023-07,1,4,1926.40000
ETHUSD,2023-08,0,0,1856.38000
ETHUSD,2023-09,0,0,1645.64000
ETHUSD,2023-10,0,0,1667.16000
ETHUSD,2023-11,0,0,1806.28000
ETHUSD,2023-12,1,4,2043.17000
ETHUSD,2024-01,1,4,2283.65000
ETHUSD,2024-02,1,4,2285.86000
ETHUSD,2024-03,1,4,3324.33000
ETHUSD,2024-04,1,4,3495.54000
ETHUSD,2024-05,1,2,2987.95000
ETHUSD,2024-06,1,4,3793.67000
ETHUSD,2024-07,0,0,3391.45000
ETHUSD,2024-08,1,2,3221.65000
ETHUSD,2024-09,-1,-2,2519.39000
ETHUSD,2024-10,0,0,2614.53000
ETHUSD,2024-11,-1,-2,2521.18000
ETHUSD,2024-12,1,2,3593.01000
ETHUSD,2025-01,0,0,3349.95000
ETHUSD,2025-02,1,2,3315.37000
ETHUSD,2025-03,-1,-4,2222.48000
ETHUSD,2025-04,-1,-4,1817.62000
ETHUSD,2025-05,-1,-4,1790.86000
ETHUSD,2025-06,0,0,2574.42000
ETHUSD,2025-07,-1,-2,2500.32000
ETHUSD,2025-08,1,4,3732.94000
ETHUSD,2025-09,1,4,4318.06000
ETHUSD,2025-10,1,2,4193.58000
ETHUSD,2025-11,1,2,3857.34000
ETHUSD,2025-12,-1,-2,3034.68000
ETHUSD,2026-01,-1,-2,2980.58000
ETHUSD,2026-02,-1,-4,2706.72000
ETHUSD,2026-03,-1,-4,1920.30000
ETHUSD,2026-04,0,0,2106.33000
ETHUSD,2026-05,0,0,2262.72000
ETHUSD,2026-06,-1,-2,2017.10000
ETHUSD,2026-07,-1,-4,1575.08000
ETHUSD,2026-08,-1,-2,1860.13000
ETHUSD,2026-09,1,2,2471.41000
